taxa,gender,age2,age3,age4,age5,age6,age7,age8,age9
LR100,0,0,0,0,0,0,0,1,0
LR102,0,1,0,0,0,0,0,0,0
LR103,0,0,0,0,1,0,0,0,0
LR104,0,1,0,0,0,0,0,0,0
LR105,0,0,1,0,0,0,0,0,0
LR107,0,0,0,0,0,1,0,0,0
LR108,0,1,0,0,0,0,0,0,0
LR111,0,1,0,0,0,0,0,0,0
LR112,0,0,0,0,0,0,1,0,0
LR114,0,0,0,0,0,0,1,0,0
LR115,0,0,0,0,0,1,0,0,0
LR116,0,0,0,0,0,0,1,0,0
LR118,0,0,0,0,0,1,0,0,0
LR119,0,0,0,1,0,0,0,0,0
LR121,0,1,0,0,0,0,0,0,0
LR122,0,0,0,0,0,0,1,0,0
LR123,0,0,0,0,1,0,0,0,0
LR124,0,0,0,1,0,0,0,0,0
LR126,0,0,0,1,0,0,0,0,0
LR128,0,0,0,1,0,0,0,0,0
LR132,0,0,0,0,0,1,0,0,0
LR134,0,0,0,0,1,0,0,0,0
LR136,0,0,0,1,0,0,0,0,0
LR137,0,0,0,0,0,0,1,0,0
LR138,0,1,0,0,0,0,0,0,0
LR140,0,0,0,0,1,0,0,0,0
LR141,0,1,0,0,0,0,0,0,0
LR142,0,0,0,0,0,1,0,0,0
LR144,0,0,0,1,0,0,0,0,0
LR146,0,0,0,0,0,1,0,0,0
LR147,0,1,0,0,0,0,0,0,0
LR148,0,0,0,0,0,0,1,0,0
LR149,0,0,0,0,1,0,0,0,0
LR151,0,0,0,1,0,0,0,0,0
LR152,0,0,0,0,0,1,0,0,0
LR155,0,0,0,0,0,0,1,0,0
LR157,0,0,0,0,0,0,1,0,0
LR158,0,0,0,0,0,0,1,0,0
LR159,0,0,0,0,1,0,0,0,0
LR160,0,0,0,1,0,0,0,0,0
LR161,0,1,0,0,0,0,0,0,0
LR162,0,0,0,0,0,0,0,1,0
LR163,0,0,0,0,1,0,0,0,0
LR164,0,0,0,0,0,1,0,0,0
LR165,0,0,0,0,0,0,1,0,0
LR167,0,0,0,0,0,0,0,0,1
LR168,0,0,0,0,1,0,0,0,0
LR169,0,0,0,0,0,1,0,0,0
LR170,0,1,0,0,0,0,0,0,0
LR171,0,0,0,0,0,0,0,1,0
LR172,0,1,0,0,0,0,0,0,0
LR173,0,0,0,0,0,0,0,0,1
LR174,0,0,0,0,0,0,0,0,0
LR178,0,0,0,0,1,0,0,0,0
LR179,0,0,0,0,0,0,0,0,1
LR181,0,0,0,0,0,0,0,0,1
LR184,0,0,0,0,0,1,0,0,0
LR186,0,0,0,0,0,0,0,1,0
LR187,0,0,0,0,0,0,0,0,0
LR188,0,0,0,0,1,0,0,0,0
LR189,0,1,0,0,0,0,0,0,0
LR190,0,0,0,0,0,1,0,0,0
LR191,0,0,0,0,0,1,0,0,0
LR192,0,0,1,0,0,0,0,0,0
LR193,0,0,0,0,0,0,0,1,0
LR194,0,0,1,0,0,0,0,0,0
LR196,0,1,0,0,0,0,0,0,0
LR197,0,0,0,0,0,1,0,0,0
LR198,0,0,1,0,0,0,0,0,0
LR199,0,0,0,0,1,0,0,0,0
LR200,0,0,0,0,0,1,0,0,0
LR202,0,0,0,0,0,0,1,0,0
LR203,0,0,0,0,1,0,0,0,0
LR204,0,0,0,0,0,1,0,0,0
LR205,0,0,0,0,0,0,0,1,0
LR206,0,1,0,0,0,0,0,0,0
LR207,0,0,0,0,1,0,0,0,0
LR210,0,0,0,0,0,0,0,0,1
LR212,0,1,0,0,0,0,0,0,0
LR213,0,0,0,0,0,1,0,0,0
LR214,0,0,0,0,0,0,0,1,0
LR215,0,1,0,0,0,0,0,0,0
LR216,0,0,0,0,0,1,0,0,0
LR217,0,0,0,0,1,0,0,0,0
LR219,0,0,0,0,1,0,0,0,0
LR221,0,0,1,0,0,0,0,0,0
LR222,0,0,0,0,0,0,1,0,0
LR223,0,0,1,0,0,0,0,0,0
LR224,0,0,1,0,0,0,0,0,0
LR228,0,0,0,1,0,0,0,0,0
LR229,0,0,0,1,0,0,0,0,0
LR230,0,0,0,0,0,0,0,0,1
LR232,0,0,0,1,0,0,0,0,0
LR234,0,0,0,1,0,0,0,0,0
LR236,0,0,0,0,0,0,1,0,0
LR237,0,0,0,0,0,0,0,0,0
LR238,0,0,0,0,0,0,0,0,1
LR239,0,1,0,0,0,0,0,0,0
LR240,0,1,0,0,0,0,0,0,0
LR241,0,1,0,0,0,0,0,0,0
LR242,0,0,0,0,0,0,0,0,0
LR243,0,0,0,1,0,0,0,0,0
LR244,0,0,0,0,0,0,1,0,0
LR245,0,0,0,0,1,0,0,0,0
LR247,0,1,0,0,0,0,0,0,0
LR248,0,0,0,1,0,0,0,0,0
LR250,0,0,0,1,0,0,0,0,0
LR252,0,0,0,0,1,0,0,0,0
LR253,0,0,0,0,0,0,0,1,0
LR254,0,0,0,0,1,0,0,0,0
LR255,0,1,0,0,0,0,0,0,0
LR257,0,0,0,0,0,1,0,0,0
LR258,0,0,0,0,0,0,1,0,0
LR259,0,0,0,0,0,1,0,0,0
LR260,0,0,0,0,0,1,0,0,0
LR261,0,0,0,0,0,0,0,1,0
LR262,0,1,0,0,0,0,0,0,0
LR264,0,0,0,0,0,0,0,0,0
LR266,0,0,0,1,0,0,0,0,0
LR267,0,1,0,0,0,0,0,0,0
LR269,0,0,0,0,1,0,0,0,0
LR270,0,0,0,0,0,0,0,1,0
LR271,0,0,0,0,0,1,0,0,0
LR272,0,0,1,0,0,0,0,0,0
LR273,0,0,0,0,0,0,1,0,0
LR274,0,0,0,0,0,0,0,1,0
LR275,0,0,0,0,0,1,0,0,0
LR276,0,0,0,0,1,0,0,0,0
LR277,0,0,0,0,0,0,0,1,0
LR280,0,0,0,0,0,0,0,1,0
LR281,0,1,0,0,0,0,0,0,0
Q100,1,0,0,0,1,0,0,0,0
Q101,1,0,0,1,0,0,0,0,0
Q102,1,0,0,1,0,0,0,0,0
Q103,1,0,0,0,1,0,0,0,0
Q104,1,0,0,0,0,0,0,0,1
Q105,1,0,0,0,0,1,0,0,0
Q106,1,0,0,0,0,0,1,0,0
Q107,1,1,0,0,0,0,0,0,0
Q108,1,1,0,0,0,0,0,0,0
Q109,1,0,0,0,0,1,0,0,0
Q11,0,0,0,0,0,0,0,1,0
Q110,1,0,0,1,0,0,0,0,0
Q111,1,0,0,0,0,0,0,0,1
Q112,1,0,0,0,0,0,1,0,0
Q113,1,0,0,0,1,0,0,0,0
Q114,1,0,0,0,0,0,1,0,0
Q115,1,0,0,0,0,0,0,1,0
Q117,1,0,0,0,0,1,0,0,0
Q118,1,1,0,0,0,0,0,0,0
Q119,1,0,0,1,0,0,0,0,0
Q12,1,0,0,0,1,0,0,0,0
Q120,1,0,0,0,0,1,0,0,0
Q121,1,0,0,0,0,0,0,0,0
Q122,1,0,0,0,0,0,1,0,0
Q123,1,0,0,0,0,0,0,1,0
Q124,1,1,0,0,0,0,0,0,0
Q125,1,1,0,0,0,0,0,0,0
Q126,1,0,0,0,1,0,0,0,0
Q127,1,0,0,1,0,0,0,0,0
Q128,1,0,0,1,0,0,0,0,0
Q129,1,0,0,1,0,0,0,0,0
Q130,1,0,1,0,0,0,0,0,0
Q131,1,0,0,0,0,0,0,0,1
Q132,1,0,0,0,0,0,0,0,1
Q133,1,0,0,0,0,1,0,0,0
Q134,1,0,0,0,0,0,0,1,0
Q135,1,0,0,0,0,0,0,1,0
Q136,1,0,0,0,0,0,1,0,0
Q137,1,1,0,0,0,0,0,0,0
Q138,1,0,1,0,0,0,0,0,0
Q139,1,1,0,0,0,0,0,0,0
Q14,0,0,0,0,0,0,0,1,0
Q140,1,0,0,0,0,1,0,0,0
Q141,1,0,0,0,0,0,0,1,0
Q142,1,0,0,1,0,0,0,0,0
Q143,0,1,0,0,0,0,0,0,0
Q144,0,1,0,0,0,0,0,0,0
Q145,0,1,0,0,0,0,0,0,0
Q146,0,1,0,0,0,0,0,0,0
Q147,0,1,0,0,0,0,0,0,0
Q148,0,1,0,0,0,0,0,0,0
Q15,0,0,0,0,0,1,0,0,0
Q151,1,0,0,0,0,0,0,0,0
Q152,1,0,0,0,0,0,0,1,0
Q153,1,0,0,0,0,0,0,0,0
Q154,1,0,0,0,0,1,0,0,0
Q155,1,0,0,0,0,0,0,1,0
Q156,1,0,0,0,0,1,0,0,0
Q157,0,0,0,0,0,0,0,1,0
Q158,1,0,1,0,0,0,0,0,0
Q159,1,0,0,0,1,0,0,0,0
Q16,0,0,0,0,1,0,0,0,0
Q160,1,0,0,0,0,1,0,0,0
Q161,1,0,0,0,0,1,0,0,0
Q162,1,0,0,0,1,0,0,0,0
Q163,1,0,0,0,1,0,0,0,0
Q164,1,0,0,0,0,0,0,0,0
Q165,1,1,0,0,0,0,0,0,0
Q166,1,0,0,0,0,0,0,1,0
Q167,1,0,0,0,0,0,0,0,1
Q168,0,0,0,0,0,0,0,1,0
Q169,1,0,0,0,0,0,0,0,0
Q17,1,0,0,1,0,0,0,0,0
Q170,1,0,0,0,0,0,0,1,0
Q171,1,0,0,0,1,0,0,0,0
Q172,1,0,0,0,0,1,0,0,0
Q173,1,0,0,0,0,0,0,1,0
Q174,1,0,1,0,0,0,0,0,0
Q175,1,0,0,0,0,0,0,0,1
Q176,1,0,0,0,0,0,0,0,0
Q177,1,0,0,0,0,0,0,0,0
Q178,1,0,1,0,0,0,0,0,0
Q179,1,0,0,0,0,1,0,0,0
Q180,1,1,0,0,0,0,0,0,0
Q181,1,0,0,0,1,0,0,0,0
Q182,1,1,0,0,0,0,0,0,0
Q183,1,0,0,0,1,0,0,0,0
Q184,1,0,0,0,1,0,0,0,0
Q185,1,0,0,0,0,1,0,0,0
Q186,1,0,0,0,1,0,0,0,0
Q187,1,0,0,1,0,0,0,0,0
Q188,1,0,0,0,1,0,0,0,0
Q189,1,0,1,0,0,0,0,0,0
Q19,0,0,0,0,0,1,0,0,0
Q190,1,0,1,0,0,0,0,0,0
Q191,1,0,1,0,0,0,0,0,0
Q192,1,1,0,0,0,0,0,0,0
Q193,1,0,1,0,0,0,0,0,0
Q194,1,0,0,0,0,0,1,0,0
Q195,1,0,0,1,0,0,0,0,0
Q196,1,0,0,0,0,0,0,0,1
Q197,1,0,1,0,0,0,0,0,0
Q198,1,0,0,0,0,0,0,0,1
Q199,1,0,0,1,0,0,0,0,0
Q2,0,0,0,0,0,0,0,0,1
Q20,0,0,0,0,0,0,0,1,0
Q200,1,0,0,0,0,0,0,0,0
Q201,1,0,0,0,0,0,0,0,0
Q202,1,0,0,0,0,0,0,0,1
Q203,1,0,0,0,0,0,0,0,1
Q204,1,0,0,0,0,0,0,1,0
Q205,1,0,0,0,0,0,0,1,0
Q206,1,0,0,0,0,0,1,0,0
Q207,1,0,0,0,0,0,0,0,0
Q208,1,0,0,0,0,0,0,1,0
Q209,1,0,0,1,0,0,0,0,0
Q21,1,0,0,0,0,0,0,1,0
Q210,1,0,1,0,0,0,0,0,0
Q211,1,0,0,0,0,0,0,0,0
Q212,1,0,0,0,0,0,0,0,1
Q213,1,0,0,0,1,0,0,0,0
Q214,1,0,0,1,0,0,0,0,0
Q215,1,0,0,0,0,0,0,1,0
Q216,1,0,0,1,0,0,0,0,0
Q217,1,0,0,0,1,0,0,0,0
Q218,1,0,0,1,0,0,0,0,0
Q219,1,0,0,0,1,0,0,0,0
Q220,1,0,0,0,0,0,0,1,0
Q221,1,0,0,0,0,0,0,0,1
Q222,1,0,0,0,0,0,0,1,0
Q223,1,0,0,0,1,0,0,0,0
Q224,1,0,0,0,0,0,0,1,0
Q225,1,0,0,0,0,0,1,0,0
Q226,1,0,0,0,0,0,0,1,0
Q227,1,0,0,0,0,0,0,1,0
Q228,1,0,0,0,0,0,1,0,0
Q229,1,0,0,0,0,0,0,0,1
Q23,1,0,0,1,0,0,0,0,0
Q230,1,0,0,0,0,0,0,1,0
Q231,1,0,0,0,0,0,1,0,0
Q232,1,0,0,0,0,0,0,1,0
Q233,1,0,0,0,0,0,0,1,0
Q234,1,0,0,0,0,0,1,0,0
Q235,1,0,0,0,0,0,1,0,0
Q236,1,0,0,0,0,0,1,0,0
Q237,1,0,0,0,1,0,0,0,0
Q238,1,0,0,0,1,0,0,0,0
Q239,1,0,1,0,0,0,0,0,0
Q240,1,0,0,0,0,0,0,1,0
Q241,1,0,0,0,0,0,0,1,0
Q242,1,0,0,0,0,1,0,0,0
Q243,1,0,0,0,0,0,0,1,0
Q244,1,0,0,0,0,1,0,0,0
Q245,1,0,0,0,0,1,0,0,0
Q246,1,0,0,0,0,0,0,1,0
Q247,1,0,0,0,0,0,0,1,0
Q248,1,0,0,0,0,1,0,0,0
Q249,1,0,0,0,0,0,0,1,0
Q25,0,0,0,0,0,0,0,1,0
Q250,1,0,0,0,0,0,1,0,0
Q251,1,0,0,0,0,0,1,0,0
Q254,1,0,0,0,0,0,0,1,0
Q255,1,0,0,0,0,0,0,1,0
Q258,0,0,0,0,0,0,0,0,1
Q26,1,0,0,0,0,0,1,0,0
Q261,0,0,0,0,0,0,0,0,0
Q264,1,0,0,1,0,0,0,0,0
Q266,1,0,1,0,0,0,0,0,0
Q268,1,0,0,0,1,0,0,0,0
Q27,1,0,0,0,0,0,0,1,0
Q273,1,0,0,0,1,0,0,0,0
Q275,1,0,0,0,1,0,0,0,0
Q276,0,0,0,0,1,0,0,0,0
Q278,1,0,0,0,0,0,0,1,0
Q279,0,0,0,1,0,0,0,0,0
Q28,1,0,0,0,0,1,0,0,0
Q280,1,0,0,0,0,1,0,0,0
Q282,1,0,0,0,0,1,0,0,0
Q284,1,0,0,0,0,1,0,0,0
Q288,1,0,0,0,0,0,1,0,0
Q29,1,1,0,0,0,0,0,0,0
Q292,1,0,0,1,0,0,0,0,0
Q297,1,0,0,0,0,1,0,0,0
Q298,1,0,0,0,0,1,0,0,0
Q3,1,0,0,1,0,0,0,0,0
Q30,1,0,1,0,0,0,0,0,0
Q301,1,0,0,0,0,0,1,0,0
Q302,1,0,1,0,0,0,0,0,0
Q303,1,1,0,0,0,0,0,0,0
Q304,1,1,0,0,0,0,0,0,0
Q305,1,0,1,0,0,0,0,0,0
Q306,1,0,0,0,0,0,1,0,0
Q307,1,0,0,0,0,1,0,0,0
Q308,1,0,0,1,0,0,0,0,0
Q309,1,1,0,0,0,0,0,0,0
Q310,1,1,0,0,0,0,0,0,0
Q311,1,1,0,0,0,0,0,0,0
Q312,0,1,0,0,0,0,0,0,0
Q313,0,0,0,0,0,0,0,1,0
Q314,0,0,1,0,0,0,0,0,0
Q315,1,0,0,0,0,1,0,0,0
Q316,0,0,0,1,0,0,0,0,0
Q317,0,0,1,0,0,0,0,0,0
Q318,0,0,1,0,0,0,0,0,0
Q319,0,0,0,0,1,0,0,0,0
Q32,1,0,0,1,0,0,0,0,0
Q320,0,1,0,0,0,0,0,0,0
Q321,1,0,0,0,1,0,0,0,0
Q322,1,0,0,0,1,0,0,0,0
Q323,1,0,0,0,1,0,0,0,0
Q324,1,0,0,1,0,0,0,0,0
Q325,1,0,0,0,1,0,0,0,0
Q326,0,0,0,0,1,0,0,0,0
Q327,1,0,0,0,1,0,0,0,0
Q328,1,0,0,1,0,0,0,0,0
Q329,1,0,0,0,1,0,0,0,0
Q33,1,0,0,1,0,0,0,0,0
Q330,1,0,1,0,0,0,0,0,0
Q331,1,0,0,1,0,0,0,0,0
Q332,1,0,1,0,0,0,0,0,0
Q333,0,0,0,1,0,0,0,0,0
Q35,1,0,0,0,0,0,1,0,0
Q37,1,0,1,0,0,0,0,0,0
Q38,1,1,0,0,0,0,0,0,0
Q39,1,0,1,0,0,0,0,0,0
Q4,0,0,0,1,0,0,0,0,0
Q401,1,0,0,0,1,0,0,0,0
Q402,1,0,1,0,0,0,0,0,0
Q403,1,1,0,0,0,0,0,0,0
Q404,1,1,0,0,0,0,0,0,0
Q407,1,1,0,0,0,0,0,0,0
Q408,1,1,0,0,0,0,0,0,0
Q409,1,0,0,0,1,0,0,0,0
Q41,1,1,0,0,0,0,0,0,0
Q410,1,0,0,1,0,0,0,0,0
Q411,1,1,0,0,0,0,0,0,0
Q412,1,0,0,0,0,0,1,0,0
Q413,1,0,0,0,0,0,1,0,0
Q414,1,1,0,0,0,0,0,0,0
Q415,1,0,0,0,1,0,0,0,0
Q416,1,0,0,0,0,0,1,0,0
Q417,1,1,0,0,0,0,0,0,0
Q418,1,1,0,0,0,0,0,0,0
Q419,1,1,0,0,0,0,0,0,0
Q42,1,1,0,0,0,0,0,0,0
Q420,1,1,0,0,0,0,0,0,0
Q421,1,0,0,0,1,0,0,0,0
Q422,1,1,0,0,0,0,0,0,0
Q425,1,0,0,0,1,0,0,0,0
Q426,1,1,0,0,0,0,0,0,0
Q427,1,0,0,0,1,0,0,0,0
Q428,1,0,1,0,0,0,0,0,0
Q429,1,0,0,0,1,0,0,0,0
Q430,1,0,0,1,0,0,0,0,0
Q431,1,1,0,0,0,0,0,0,0
Q432,1,1,0,0,0,0,0,0,0
Q433,1,1,0,0,0,0,0,0,0
Q435,1,1,0,0,0,0,0,0,0
Q436,1,1,0,0,0,0,0,0,0
Q437,1,0,0,0,1,0,0,0,0
Q438,1,0,1,0,0,0,0,0,0
Q439,1,0,0,0,0,0,1,0,0
Q44,1,0,0,0,0,1,0,0,0
Q440,1,0,0,0,1,0,0,0,0
Q441,1,0,1,0,0,0,0,0,0
Q442,1,0,0,1,0,0,0,0,0
Q443,1,1,0,0,0,0,0,0,0
Q445,1,0,0,0,1,0,0,0,0
Q447,1,0,0,1,0,0,0,0,0
Q448,1,0,0,1,0,0,0,0,0
Q449,1,1,0,0,0,0,0,0,0
Q45,1,0,0,1,0,0,0,0,0
Q450,1,1,0,0,0,0,0,0,0
Q451,1,0,0,0,0,1,0,0,0
Q454,1,0,1,0,0,0,0,0,0
Q455,1,1,0,0,0,0,0,0,0
Q456,1,0,0,0,0,0,1,0,0
Q457,1,0,0,0,0,0,1,0,0
Q458,1,0,0,0,0,1,0,0,0
Q46,1,0,1,0,0,0,0,0,0
Q460,1,0,0,0,1,0,0,0,0
Q461,1,0,0,0,0,1,0,0,0
Q462,1,1,0,0,0,0,0,0,0
Q464,1,0,0,0,0,0,1,0,0
Q465,1,0,0,0,0,0,0,1,0
Q466,1,1,0,0,0,0,0,0,0
Q467,1,0,0,0,0,0,1,0,0
Q468,1,1,0,0,0,0,0,0,0
Q469,1,0,0,0,0,0,0,1,0
Q47,1,0,0,1,0,0,0,0,0
Q472,1,0,0,0,0,0,1,0,0
Q473,1,0,0,0,0,0,0,1,0
Q474,1,1,0,0,0,0,0,0,0
Q475,1,0,0,0,0,1,0,0,0
Q476,1,0,0,0,0,0,0,1,0
Q477,1,1,0,0,0,0,0,0,0
Q478,1,1,0,0,0,0,0,0,0
Q479,1,1,0,0,0,0,0,0,0
Q48,1,0,0,1,0,0,0,0,0
Q480,1,1,0,0,0,0,0,0,0
Q481,1,0,0,0,1,0,0,0,0
Q482,1,1,0,0,0,0,0,0,0
Q483,1,0,0,1,0,0,0,0,0
Q484,1,0,0,0,0,0,1,0,0
Q485,1,0,0,1,0,0,0,0,0
Q487,1,1,0,0,0,0,0,0,0
Q489,1,1,0,0,0,0,0,0,0
Q49,1,1,0,0,0,0,0,0,0
Q490,1,0,1,0,0,0,0,0,0
Q491,1,0,0,0,0,0,0,1,0
Q492,1,0,0,0,1,0,0,0,0
Q494,1,0,0,0,0,0,0,1,0
Q495,0,0,0,0,1,0,0,0,0
Q496,0,0,1,0,0,0,0,0,0
Q497,0,0,0,0,0,1,0,0,0
Q498,1,0,0,0,0,1,0,0,0
Q499,0,0,0,0,0,1,0,0,0
Q5,1,0,0,0,0,0,0,1,0
Q50,1,0,0,0,0,1,0,0,0
Q500,0,0,0,0,0,1,0,0,0
Q501,0,0,0,1,0,0,0,0,0
Q502,0,0,0,1,0,0,0,0,0
Q503,0,0,0,0,1,0,0,0,0
Q504,0,0,0,1,0,0,0,0,0
Q505,0,0,0,1,0,0,0,0,0
Q506,0,0,0,0,1,0,0,0,0
Q507,0,0,0,0,0,1,0,0,0
Q508,1,0,0,1,0,0,0,0,0
Q51,1,0,0,0,0,1,0,0,0
Q511,1,0,0,1,0,0,0,0,0
Q512,0,0,0,1,0,0,0,0,0
Q513,1,0,1,0,0,0,0,0,0
Q514,1,1,0,0,0,0,0,0,0
Q515,0,0,1,0,0,0,0,0,0
Q516,0,0,0,0,1,0,0,0,0
Q517,0,0,1,0,0,0,0,0,0
Q518,0,0,0,0,0,1,0,0,0
Q519,1,0,0,0,0,1,0,0,0
Q52,1,1,0,0,0,0,0,0,0
Q520,1,1,0,0,0,0,0,0,0
Q521,1,0,1,0,0,0,0,0,0
Q522,1,0,1,0,0,0,0,0,0
Q523,1,0,1,0,0,0,0,0,0
Q524,1,0,1,0,0,0,0,0,0
Q525,1,1,0,0,0,0,0,0,0
Q526,1,1,0,0,0,0,0,0,0
Q527,1,1,0,0,0,0,0,0,0
Q528,0,1,0,0,0,0,0,0,0
Q529,0,1,0,0,0,0,0,0,0
Q53,0,1,0,0,0,0,0,0,0
Q530,1,1,0,0,0,0,0,0,0
Q531,0,0,1,0,0,0,0,0,0
Q54,1,0,0,0,0,0,1,0,0
Q55,1,0,0,0,1,0,0,0,0
Q552,1,0,0,0,1,0,0,0,0
Q553,1,0,0,1,0,0,0,0,0
Q554,1,0,0,1,0,0,0,0,0
Q555,1,0,1,0,0,0,0,0,0
Q56,1,0,0,0,0,0,0,1,0
Q57,1,0,0,0,1,0,0,0,0
Q58,1,0,1,0,0,0,0,0,0
Q59,1,0,0,0,1,0,0,0,0
Q6,0,0,0,0,1,0,0,0,0
Q60,1,0,0,1,0,0,0,0,0
Q62,1,0,0,0,0,1,0,0,0
Q63,1,0,0,0,1,0,0,0,0
Q65,1,0,0,0,1,0,0,0,0
Q66,1,0,0,1,0,0,0,0,0
Q68,1,0,0,0,0,0,0,1,0
Q69,1,0,0,0,0,1,0,0,0
Q71,1,0,1,0,0,0,0,0,0
Q72,1,0,0,0,0,0,1,0,0
Q73,1,0,0,0,0,0,1,0,0
Q75,1,0,1,0,0,0,0,0,0
Q76,1,0,1,0,0,0,0,0,0
Q77,1,0,0,0,0,1,0,0,0
Q78,1,0,0,0,0,1,0,0,0
Q8,0,0,0,0,0,1,0,0,0
Q80,1,0,0,0,0,1,0,0,0
Q81,1,0,0,0,0,0,0,0,1
Q82,1,0,0,0,0,1,0,0,0
Q83,1,1,0,0,0,0,0,0,0
Q85,1,0,0,1,0,0,0,0,0
Q86,1,0,0,1,0,0,0,0,0
Q87,1,0,0,0,0,1,0,0,0
Q88,1,0,1,0,0,0,0,0,0
Q89,1,0,0,1,0,0,0,0,0
Q9,0,0,0,0,0,1,0,0,0
Q90,1,0,0,0,0,0,0,0,0
Q92,1,0,0,1,0,0,0,0,0
Q93,1,0,0,0,0,0,0,1,0
Q95,1,0,0,0,0,0,0,0,1
Q96,1,0,0,0,0,0,0,1,0
Q97,1,0,1,0,0,0,0,0,0
Q98,1,1,0,0,0,0,0,0,0
