class,BL,BH,ML,BCL,CCB1,CC,CCB2,b
Q1,1.094333333,1.098666667,0.199166667,1.178166667,NaN,0.252833333,0.043,YS
Q2,0.899833333,1.130833333,0.197833333,1.077333333,0.0755,0.360166667,0.054166667,YS
Q3,0.818833333,0.846833333,0.223166667,0.867166667,0.0495,0.278,0.036333333,YS
Q4,0.7855,0.787166667,0.2035,0.859333333,0.0555,0.302,0.045,YS
Q5,0.86,0.959666667,0.188833333,0.978166667,0.064,0.293333333,0.044833333,YS
Q6,0.962,0.982833333,0.200166667,1.030833333,0.068333333,0.301333333,0.044833333,YS
Q7,0.698333333,0.829833333,0.143833333,0.83,0.055666667,NaN,NaN,YS
Q8,0.837833333,1.069666667,0.178166667,0.9325,0.064833333,0.377166667,0.055666667,YS
Q9,0.907166667,1.01,0.156833333,0.920333333,0.064,0.372333333,0.051,YS
Q10,0.844333333,0.931,0.244166667,0.892166667,0.062,0.4135,0.052,YS
Q11,1.015333333,1.023666667,0.188833333,1.097,0.067,0.315,0.043166667,YS
Q12,0.823833333,0.943833333,0.1605,0.881666667,0.057666667,0.248666667,0.034166667,YS
Q13,0.935666667,1.141333333,0.163666667,1.008833333,0.077166667,0.331833333,0.048666667,YS
Q14,0.9208175,0.956105,0.162833333,0.987974167,0.068,0.278333333,0.045682222,YS
Q15,0.962833333,0.973166667,0.207333333,1.027,0.075833333,0.428,0.052333333,YS
Q16,0.851666667,0.938833333,0.206833333,0.968,0.0695,0.361166667,0.043333333,YS
Q17,0.881833333,0.893833333,0.203833333,0.964,0.063166667,NaN,NaN,YS
Q18,0.957,1.068333333,0.215333333,1.03,0.071833333,0.368333333,0.051166667,YS
Q19,0.968833333,1.066333333,0.225,1.015833333,0.080333333,0.403166667,0.051166667,YS
Q20,0.933333333,1.037833333,0.229833333,0.974833333,0.0605,0.369833333,0.046833333,YS
Q21,0.912166667,0.95,0.1925,1.006333333,0.065833333,NaN,0.0565,YS
Q22,0.8745,0.9355,0.134166667,0.9555,0.069166667,0.3945,0.0465,YS
Q23,0.8485,0.872333333,NaN,0.889666667,0.0615,0.315333333,0.041666667,YS
Q24,0.753,0.823333333,0.141666667,0.906833333,0.060833333,0.354666667,0.053,YS
Q25,1.092333333,1.039833333,0.214666667,1.156166667,NaN,0.410166667,0.051,YS
Q26,1.004333333,1.194833333,0.291666667,1.098333333,0.069833333,0.3785,0.046,YS
Q27,0.919666667,1.0025,0.238333333,0.989666667,0.056333333,0.294833333,0.037166667,YS
Q28,0.852666667,0.9375,NaN,0.936833333,0.063666667,0.347166667,NaN,YS
Q29,0.731166667,0.852833333,0.186833333,0.791333333,0.06,0.267666667,0.037333333,YS
Q30,0.7195,0.869333333,0.1765,0.831333333,0.0645,0.270833333,0.0385,YS
Q31,0.734333333,0.812,0.200833333,0.765,0.064666667,0.3455,NaN,YS
Q32,0.707833333,0.842166667,0.230333333,0.796833333,0.054,0.268166667,0.037666667,YS
Q33,0.787,0.873333333,0.2025,0.823,0.061833333,0.297166667,0.038666667,YS
Q34,0.92,1.102,0.213,1.037833333,0.059,0.342166667,0.043,YS
Q35,0.8585,0.931,0.139666667,0.937833333,0.070333333,0.329,0.045833333,YS
Q36,0.826333333,0.966833333,0.187333333,0.916,NaN,0.286166667,0.042,YS
Q37,0.767,0.883333333,0.148333333,0.818,0.055833333,0.281833333,0.036333333,YS
Q38,0.754,0.9545,0.209833333,0.8165,0.061166667,0.314166667,0.038,YS
Q39,0.794833333,0.948333333,0.214166667,0.879,0.065833333,0.307333333,0.038666667,YS
Q40,0.865333333,0.9895,0.185,0.964833333,0.063,0.297833333,0.036333333,YS
Q41,0.6105,0.839166667,0.189166667,0.696166667,0.0525,0.324166667,0.036833333,YS
Q42,0.597833333,0.9172,0.19,0.736333333,0.0525,0.255833333,0.034333333,YS
Q43,0.767666667,0.875666667,0.134166667,0.8325,0.0645,0.314666667,0.0435,YS
Q44,0.749,0.954333333,0.259666667,0.830166667,0.060666667,0.312833333,0.038,YS
Q45,0.802,0.905666667,0.1605,0.842,0.057666667,0.3275,0.0425,YS
Q46,0.910166667,1.044666667,0.1565,0.996,0.064666667,0.2925,0.040166667,YS
Q47,0.8805,0.870333333,0.154166667,0.958166667,0.061833333,0.344,0.042,YS
Q48,1.092166667,1.092333333,0.216,1.1835,0.069,0.335833333,0.050333333,YS
Q49,0.845,0.887833333,0.164166667,0.973166667,0.055,0.353,NaN,YS
Q50,0.814833333,0.972166667,0.203166667,0.933,0.067333333,0.3505,0.046166667,YS
Q51,0.816,0.9695,0.177333333,0.888666667,0.0575,0.293833333,NaN,YS
Q52,0.786333333,0.9305,0.178666667,0.8305,0.066,0.249833333,0.037333333,YS
Q53,0.8855,0.929166667,0.161166667,0.907333333,0.06,0.275166667,0.0375,YS
Q54,0.908833333,1.017333333,0.242666667,0.936666667,0.059166667,0.282,0.034,YS
Q55,0.804,0.983166667,0.205166667,0.854166667,0.0566,0.373666667,NaN,YS
Q56,0.710755833,0.9058725,0.27,0.768760833,0.060833333,0.322666667,0.038917778,YS
Q57,0.870333333,0.888666667,0.183,0.919333333,0.067666667,0.345,0.047166667,YS
Q58,0.881666667,0.979166667,0.2295,0.903333333,0.059833333,0.278166667,0.036833333,YS
Q59,0.9175,0.996666667,0.212333333,0.893166667,0.064,0.309,0.038166667,YS
Q60,0.898333333,1.007,0.257166667,0.917,0.059166667,0.288,0.0355,YS
Q61,0.795833333,0.891833333,0.170833333,0.853833333,0.056,0.331833333,0.036333333,YS
Q62,0.906666667,0.942,0.163166667,0.934666667,0.068833333,0.302,0.043333333,YS
Q63,0.800333333,0.842,0.136333333,0.854333333,0.0602,0.320666667,0.037833333,YS
Q64,0.853166667,0.9435,0.180333333,0.860666667,0.0615,0.284666667,0.038166667,YS
Q65,0.913166667,0.9905,0.207333333,0.945166667,0.069333333,0.309166667,0.047,YS
Q66,0.833666667,0.91,0.1755,0.897333333,0.065,0.291666667,0.038333333,YS
Q67,0.8275,0.971333333,0.171666667,0.9065,0.061333333,0.310166667,0.0365,YS
Q68,0.810065833,0.777058333,0.183333333,0.8447575,NaN,0.3385,0.04026,YS
Q69,0.895,0.977166667,0.168333333,0.923666667,NaN,0.341666667,0.039333333,YS
Q70,0.915333333,1.027166667,0.181833333,0.940166667,NaN,0.322666667,0.047833333,YS
Q71,0.737,0.849,0.203333333,0.833333333,0.060833333,0.32,0.041,YS
Q72,0.8935,0.909166667,NaN,0.995333333,0.06,0.319166667,NaN,YS
Q73,0.840833333,0.974166667,0.189833333,0.949333333,0.0568,0.325833333,NaN,YS
Q74,0.819333333,0.850833333,0.179166667,0.911333333,0.0654,0.2955,NaN,YS
Q75,0.8075,0.999333333,0.204333333,0.901333333,0.064333333,0.337333333,0.0385,YS
Q76,0.6875,0.959666667,0.243166667,0.789,0.063166667,0.334833333,0.045333333,YS
Q77,NaN,NaN,NaN,NaN,NaN,NaN,NaN,YS
Q78,0.759,0.984,0.204166667,0.949833333,NaN,0.341333333,0.038666667,YS
Q79,0.763166667,0.859,0.1745,0.873833333,0.055166667,0.330333333,0.036166667,YS
Q80,0.890666667,1.033,0.160833333,0.9465,NaN,0.306166667,0.034833333,YS
Q81,0.8565,0.905,0.163166667,0.920666667,0.0584,0.326666667,NaN,YS
Q82,0.853166667,0.918833333,0.144166667,0.855,0.058,0.298833333,0.0345,YS
Q83,0.646,0.881166667,0.1885,0.709833333,0.060833333,0.302833333,0.0455,YS
Q84,0.796333333,0.880166667,0.1315,0.8715,0.052833333,0.326333333,0.035166667,YS
Q85,0.722833333,0.979,0.279833333,0.8295,0.064666667,0.354333333,0.043666667,YS
Q86,0.765666667,1.0055,0.148666667,0.862833333,NaN,NaN,NaN,YS
Q87,0.695,0.858833333,0.205833333,0.835,0.059166667,0.320833333,0.040333333,YS
Q88,0.668333333,0.866166667,0.195833333,0.713333333,0.058,0.3455,0.036,YS
Q89,0.700166667,0.881166667,0.159666667,0.786833333,0.055666667,0.269833333,0.035166667,YS
Q90,0.818666667,1.004166667,0.207,0.937833333,NaN,0.350166667,0.042666667,YS
Q91,0.789166667,0.946,0.168666667,0.906833333,0.054333333,0.315166667,NaN,YS
Q92,0.805333333,1.0495,0.1785,0.858666667,NaN,0.305333333,0.033833333,YS
Q93,0.804333333,1.044333333,0.216,0.926833333,0.0595,0.314,0.035666667,YS
Q94,0.765,0.9165,0.155,0.883833333,0.061333333,0.354,0.0455,YS
Q95,0.783666667,0.951666667,0.282833333,0.882833333,0.058666667,0.3375,0.0435,YS
Q96,0.802166667,1,0.2155,0.858,0.052166667,0.281333333,0.030666667,YS
Q97,0.783833333,1.069333333,0.172166667,0.904833333,0.057166667,0.327666667,0.035166667,YS
Q98,0.786666667,0.977,0.182666667,0.845333333,0.065333333,0.3105,NaN,YS
Q99,0.705833333,0.914166667,0.1505,0.764333333,0.0595,0.295833333,0.0435,YS
Q100,0.782166667,0.9685,0.16,0.816166667,NaN,0.2895,0.04,YS
Q101,0.765166667,0.966,NaN,0.819333333,0.0615,0.274166667,0.034833333,YS
Q102,0.732166667,1.003166667,0.243,0.824333333,NaN,0.294333333,0.0375,YS
Q103,0.730833333,0.941333333,0.205,0.803,0.067,0.271333333,0.035,YS
Q104,0.800333333,0.916,0.186,0.8515,0.055166667,0.296333333,0.034666667,YS
Q105,0.751833333,0.892,0.281166667,0.829333333,0.059,0.303166667,0.035,YS
Q106,0.716333333,0.890333333,0.1745,0.875,0.0625,0.312333333,0.0405,YS
Q107,0.602833333,0.791333333,0.206,0.700666667,NaN,0.2685,0.033833333,YS
Q108,0.6375,0.856666667,0.149,0.726833333,0.059833333,0.277833333,0.038333333,YS
Q109,0.860666667,1.05,0.242333333,0.9945,0.060666667,0.312666667,0.0345,YS
Q110,0.671666667,0.998666667,0.234333333,0.8435,0.065666667,0.283666667,0.044,YS
Q111,0.767333333,1.016833333,0.164833333,0.8515,NaN,0.338666667,0.039333333,YS
Q112,0.738666667,0.906666667,0.162166667,0.84,NaN,0.3355,NaN,YS
Q113,0.730833333,0.902666667,0.178333333,0.851666667,0.063,0.344666667,0.046666667,YS
Q114,0.8995,1.011,0.2245,0.939,0.056833333,0.3685,0.0385,YS
Q115,0.762833333,1.048666667,0.1535,0.848333333,NaN,0.362,NaN,YS
Q116,0.885166667,1.026,NaN,1.0385,NaN,NaN,NaN,YS
Q117,0.879166667,1.095333333,0.2105,0.9885,NaN,0.353666667,0.040166667,YS
Q118,0.710833333,0.876,0.179833333,0.738,0.058833333,0.319833333,0.043333333,YS
Q119,0.792166667,0.930666667,0.232166667,0.8545,0.070666667,0.320166667,0.042833333,YS
Q120,0.776666667,0.894666667,0.209666667,0.872,0.0654,0.308666667,0.041833333,YS
Q121,0.745,0.913,0.156666667,0.799,0.055,0.3015,0.035833333,YS
Q122,0.839833333,0.998166667,0.17,0.935833333,NaN,0.318833333,NaN,YS
Q123,0.812833333,1.023333333,0.158,0.915166667,0.067666667,0.328333333,0.0475,YS
Q124,0.672666667,0.803833333,0.229166667,0.746833333,0.058833333,0.321333333,0.042333333,YS
Q125,0.704,0.844166667,0.166,0.787166667,0.0635,0.294666667,0.04,YS
Q126,0.769833333,0.971,0.153833333,0.906666667,NaN,0.3675,0.046833333,YS
Q127,0.6345,0.896,NaN,0.745,0.058833333,0.364166667,0.0345,YS
Q128,0.717166667,0.928666667,0.151833333,0.776833333,0.047666667,0.321,0.036166667,YS
Q129,0.761666667,0.957666667,0.167,0.8735,0.0625,0.2965,0.036,YS
Q130,0.7665,0.929333333,0.179833333,0.849666667,NaN,0.286666667,0.038333333,YS
Q131,0.783333333,0.928,0.1935,0.849333333,0.060333333,0.316833333,0.037833333,YS
Q132,0.833666667,0.903166667,NaN,0.855,0.057666667,0.331833333,0.0335,YS
Q133,0.764166667,0.945166667,0.183,0.826666667,0.060333333,0.321666667,0.035166667,YS
Q134,0.781833333,1.005166667,0.188666667,0.888833333,NaN,0.318666667,0.04,YS
Q135,0.706166667,0.9155,0.262333333,0.8145,0.067,0.339,0.039666667,YS
Q136,0.738,0.958333333,0.2575,0.838166667,0.0575,0.273333333,0.037333333,YS
Q137,0.644166667,0.941333333,0.2065,0.798333333,NaN,0.351333333,0.04,YS
Q138,0.738333333,1.011,0.143833333,0.832666667,0.062666667,0.339,0.044,YS
Q139,0.589833333,0.751666667,0.122166667,0.659,0.056166667,0.305,0.038666667,YS
Q140,NaN,NaN,NaN,NaN,NaN,0.3855,NaN,YS
Q141,0.6155,1.004,NaN,0.776166667,NaN,0.326166667,0.037166667,YS
Q142,0.811166667,1.009833333,0.213,0.844666667,0.057,0.316333333,0.0375,YS
Q151,0.651,0.733166667,0.160333333,0.7335,NaN,0.2895,0.032166667,HH
Q152,0.681666667,0.898,0.201333333,0.833333333,0.057166667,0.239666667,0.034666667,HH
Q153,0.678833333,0.795833333,0.164166667,0.825833333,0.049333333,0.268,0.037333333,HH
Q154,0.733666667,0.797166667,0.148166667,0.822333333,0.045833333,0.227,0.026,HH
Q155,0.843666667,1.0095,NaN,0.992166667,0.065,0.307333333,0.034666667,HH
Q156,0.758166667,0.9185,NaN,0.907333333,0.060333333,0.328166667,NaN,HH
Q157,0.900666667,NaN,0.2075,1.012833333,0.063,0.3785,NaN,HH
Q158,0.6915,0.811,0.146833333,0.802333333,0.0515,0.255333333,0.0315,HH
Q159,0.6265,0.849,0.211666667,0.738,0.0485,0.276333333,0.035666667,HH
Q160,0.7445,0.882833333,0.167333333,0.880666667,0.053333333,0.2295,0.031333333,HH
Q161,0.804833333,0.837166667,NaN,0.945166667,0.058,0.2925,0.035,HH
Q162,0.599666667,0.776333333,0.124333333,0.694,0.048166667,0.262,0.033666667,HH
Q163,0.608333333,0.799666667,0.163166667,0.658,0.049333333,0.223,0.031666667,HH
Q164,0.773,0.882333333,0.156333333,0.8615,0.055166667,0.278333333,0.0365,HH
Q165,0.544833333,0.644833333,0.1095,0.600333333,0.051333333,0.1855,0.028833333,HH
Q166,0.659,0.819666667,0.1575,0.803666667,0.051833333,0.238833333,0.0345,HH
Q167,0.738833333,0.8545,0.232166667,0.802,0.053166667,0.285666667,0.043333333,HH
Q168,0.859833333,0.982666667,0.242333333,0.951666667,0.056,0.317833333,0.0375,HH
Q169,0.834,0.935,0.2005,0.872666667,0.058,0.318333333,0.038,HH
Q170,0.864833333,0.9155,0.205333333,0.930166667,0.057333333,0.314666667,0.0345,HH
Q171,0.7275,0.857833333,0.19,0.856833333,0.055833333,0.356833333,NaN,HH
Q172,0.770666667,0.868166667,0.174333333,0.834166667,0.0575,0.276666667,0.035,HH
Q173,0.781,0.895,0.184666667,0.829,0.056833333,0.322,0.0315,HH
Q174,0.711833333,0.6905,0.151833333,0.742166667,0.0485,0.238166667,0.032666667,HH
Q175,0.742833333,0.855833333,0.180333333,0.895,0.0545,0.271333333,0.0395,HH
Q176,0.788333333,0.872166667,0.1725,0.858166667,0.0575,0.269666667,0.038166667,HH
Q177,0.784666667,0.846333333,0.170166667,0.829,0.053166667,0.256833333,0.035333333,HH
Q178,0.736666667,0.849333333,0.158166667,0.792666667,0.052333333,0.249166667,0.037833333,HH
Q179,0.745333333,0.881666667,0.156666667,0.847,0.053,0.239833333,0.0335,HH
Q180,0.6615,0.779166667,0.147333333,0.727166667,0.054166667,0.225333333,0.034333333,HH
Q181,0.720833333,0.822833333,0.134833333,0.762,0.058666667,0.259,0.034,HH
Q182,0.583166667,0.6955,NaN,0.667333333,0.0575,0.225333333,0.041833333,HH
Q183,0.772166667,0.8295,NaN,0.895166667,0.049833333,0.248166667,0.027833333,HH
Q184,0.706833333,0.856,0.127666667,0.7745,0.057833333,0.291,0.036166667,HH
Q185,0.764666667,0.921,0.259,0.854,0.055666667,0.283,0.032833333,HH
Q186,0.625833333,0.803166667,0.163,0.695333333,0.047166667,0.255666667,0.0345,HH
Q187,0.653833333,0.734333333,0.126833333,0.761666667,0.049166667,0.238166667,0.033,HH
Q188,0.720833333,0.833,0.172333333,0.887666667,0.053,0.292833333,0.037,HH
Q189,0.639333333,0.763666667,0.144833333,0.707833333,0.049166667,0.262833333,0.0375,HH
Q190,0.6125,0.753833333,0.140666667,0.695833333,0.046666667,0.186,0.026833333,HH
Q191,0.6985,0.814166667,0.156,0.772,0.0495,0.248833333,0.031333333,HH
Q192,0.546,0.7505,0.142333333,0.629333333,0.048333333,0.282166667,0.0385,HH
Q193,0.559666667,0.758333333,0.126833333,0.686166667,0.054166667,0.2455,0.034333333,HH
Q194,0.758666667,0.856833333,0.167333333,0.838666667,0.0535,0.27,0.0365,HH
Q195,0.763666667,0.920666667,0.191666667,0.872,0.0525,0.309333333,0.035833333,HH
Q196,0.709,0.826833333,0.213666667,0.827333333,0.06,0.233166667,0.037666667,HH
Q197,0.6415,0.764166667,0.161333333,0.716,0.056666667,0.2705,0.034833333,HH
Q198,0.725166667,0.869833333,0.188833333,0.7685,0.052,0.229333333,0.029833333,HH
Q199,0.594,0.7,0.137833333,0.602,0.052833333,0.244,0.034666667,HH
Q200,0.760666667,0.914333333,0.1715,0.819833333,0.0595,0.312666667,0.036666667,HH
Q201,0.770166667,0.865666667,0.170833333,0.85,0.053666667,0.307333333,0.037333333,HH
Q202,0.692166667,0.865333333,0.1975,0.7935,0.0505,0.264166667,0.032166667,HH
Q203,0.850333333,0.860333333,0.1825,0.872,0.059666667,0.267,0.030833333,HH
Q204,0.911166667,0.9405,0.1775,0.997833333,0.064333333,0.309,0.037333333,HH
Q205,0.8055,0.912833333,0.191,0.858333333,0.058166667,0.2825,0.037,HH
Q206,0.699833333,0.822333333,0.1805,0.760666667,0.058666667,0.253166667,0.039333333,HH
Q207,0.792666667,0.9485,0.188833333,0.903166667,0.067666667,0.267333333,0.037666667,HH
Q208,0.789833333,0.883833333,0.160833333,0.830333333,0.053333333,0.268666667,0.034833333,HH
Q209,0.648166667,0.763166667,0.144666667,0.709,0.052166667,0.2575,0.034666667,HH
Q210,0.644666667,0.777333333,0.131,0.711166667,0.055,0.252333333,0.0365,HH
Q211,0.802833333,0.9155,0.206833333,0.836166667,0.056833333,0.316,NaN,HH
Q212,0.8035,0.851666667,0.159,0.8775,0.050833333,0.2775,0.0355,HH
Q213,0.669666667,0.704166667,0.129166667,0.6945,0.052666667,0.247,0.033166667,HH
Q214,0.64,0.7425,0.151166667,0.652833333,0.057833333,0.267166667,0.039833333,HH
Q215,0.800666667,0.847,0.178333333,0.847166667,0.0595,0.265833333,0.034166667,HH
Q216,0.650166667,0.7435,0.123166667,0.68,0.051833333,0.251,NaN,HH
Q217,0.722666667,0.8325,NaN,0.764666667,0.063833333,0.249666667,0.035333333,HH
Q218,0.702666667,0.810833333,0.119833333,0.764333333,0.0545,0.269333333,NaN,HH
Q219,0.5885,0.678,0.1365,0.641666667,0.049333333,0.243666667,0.0385,HH
Q220,0.772333333,0.891833333,0.256,0.803333333,0.051166667,0.316666667,0.029666667,HH
Q221,0.729833333,0.906333333,0.234833333,0.820666667,0.058333333,0.293333333,0.036833333,HH
Q222,0.773,0.907,0.200166667,0.8705,0.064833333,0.3165,0.039166667,HH
Q223,0.728833333,0.826666667,0.119833333,0.7995,0.050833333,0.2695,0.032166667,HH
Q224,0.712166667,0.926166667,0.226166667,0.799166667,NaN,0.238833333,0.034,HH
Q225,0.867166667,0.846333333,0.188833333,0.985166667,0.054,0.2845,0.037,HH
Q226,0.8645,0.855666667,0.163166667,0.977166667,0.060333333,0.274333333,0.042,HH
Q227,0.825333333,0.836166667,0.191166667,0.958666667,0.051833333,0.2225,0.030666667,HH
Q228,0.796166667,0.815,0.168166667,0.828333333,0.056833333,0.264166667,0.034833333,HH
Q229,0.788166667,0.9525,0.2085,0.8875,0.056333333,0.277333333,NaN,HH
Q230,0.876166667,0.943666667,0.159,0.931833333,0.060333333,0.329666667,0.032166667,HH
Q231,0.755666667,0.869666667,0.196166667,0.780333333,0.060833333,0.289,NaN,HH
Q232,0.777833333,0.923666667,0.1915,0.859333333,0.069,0.314666667,NaN,HH
Q233,0.796333333,0.835833333,0.19,0.853333333,0.058166667,0.277333333,0.036333333,HH
Q234,0.746,0.847666667,0.188166667,0.857833333,0.058166667,0.238,0.033166667,HH
Q235,0.873,0.913833333,0.1745,0.933833333,0.060666667,0.291333333,0.032166667,HH
Q236,0.776166667,0.843333333,0.175,0.8335,0.052833333,0.273,0.036666667,HH
Q237,0.671833333,0.821666667,0.179833333,0.7875,0.057666667,0.272,0.039,HH
Q238,0.697333333,0.784333333,0.196333333,0.773166667,0.0495,0.306833333,0.033833333,HH
Q239,0.5165,0.72,0.160666667,0.537666667,0.0445,0.259666667,0.036833333,HH
Q240,0.744833333,0.933833333,0.236166667,0.841166667,0.059166667,0.297166667,0.037,HH
Q241,0.668833333,0.802333333,0.183333333,0.775333333,0.050833333,0.3055,0.035833333,HH
Q242,0.7575,0.7915,0.135833333,0.898,0.0545,0.253333333,NaN,HH
Q243,0.789166667,0.926,0.22,0.931166667,0.056,0.264833333,NaN,HH
Q244,0.793,0.820333333,0.202,0.827833333,0.0605,0.242666667,0.0325,HH
Q245,0.732,0.9245,0.228333333,0.774833333,0.057166667,0.273,0.032666667,HH
Q246,0.716333333,0.868833333,0.1835,0.788833333,0.056,0.256166667,0.034166667,HH
Q247,0.730833333,0.920666667,0.221666667,0.829166667,0.067833333,0.279166667,0.039,HH
Q248,0.712333333,0.812,0.175283333,0.8205,0.0505,0.2805,NaN,HH
Q249,0.903166667,1.019166667,0.228166667,0.958166667,0.058166667,0.257166667,0.030833333,HH
Q250,0.768,0.8375,0.1755,0.791,0.055833333,0.301833333,NaN,HH
Q251,0.835333333,0.988833333,0.195,0.960333333,0.064,0.237833333,0.0305,HH
Q252,0.595,0.771666667,0.133166667,0.637,0.063166667,0.25,0.040666667,HH
Q253,0.7745,0.865166667,0.216166667,0.899166667,0.063833333,0.289666667,NaN,HH
Q254,0.817666667,0.921,0.1915,0.891,0.060166667,0.266333333,NaN,HH
Q255,0.76,0.891166667,0.202,0.825166667,0.066833333,0.254666667,0.0345,HH
Q256,0.752833333,0.891333333,0.193,0.847833333,0.059333333,0.2425,NaN,HH
Q257,0.7585,0.863833333,0.169,0.8295,0.056166667,0.253166667,NaN,HH
Q258,0.873666667,1.084,0.215166667,0.988666667,0.063333333,0.335666667,0.043,HH
Q259,0.842833333,1.016833333,0.216166667,0.987166667,0.0655,0.257333333,0.035,HH
Q260,0.940166667,1.0125,0.245833333,1.0185,NaN,0.2755,0.035833333,HH
Q261,1.054666667,0.9785,0.197333333,1.098166667,0.063,0.3025,0.039166667,HH
Q262,0.564166667,0.7535,0.125833333,0.6475,0.0585,0.228333333,0.0385,HH
Q263,0.670166667,0.785833333,0.130833333,0.814666667,0.060166667,0.234,0.038,HH
Q264,0.596333333,0.805666667,0.185,0.656833333,0.0575,0.207333333,0.032166667,HH
Q265,0.780666667,0.937333333,0.2065,0.943333333,0.058666667,0.2445,0.030333333,HH
Q266,0.5655,0.692,0.17,0.635333333,0.0485,0.209833333,NaN,HH
Q267,0.605333333,0.699333333,0.1365,0.725666667,0.053666667,0.219833333,0.03,HH
Q268,0.806333333,0.845833333,0.1505,0.890333333,0.058,0.296833333,0.033166667,HH
Q269,0.716833333,0.786166667,0.147666667,0.8545,0.0595,0.191333333,0.023666667,HH
Q270,0.621,0.815,0.152166667,0.693,0.051166667,0.258833333,0.028833333,HH
Q271,0.669833333,0.887833333,0.176333333,0.7705,0.049833333,0.248166667,0.0305,HH
Q272,0.815833333,0.911833333,0.1725,0.842,0.0585,0.255666667,0.035,HH
Q273,0.701,0.823333333,0.18,0.813,0.0595,0.238833333,0.034333333,HH
Q274,0.766333333,0.853166667,0.143666667,0.8095,0.054833333,0.2525,0.036,HH
Q275,0.667166667,0.788333333,0.168,0.719,0.050166667,0.261166667,0.0355,HH
Q276,0.7595,0.841,0.1875,0.773,0.061333333,0.2615,0.041166667,HH
Q277,0.703,0.832666667,NaN,0.808833333,0.0525,0.289166667,NaN,HH
Q278,0.7905,0.928166667,0.226,0.963833333,0.062833333,0.3095,0.041833333,HH
Q279,0.6755,0.785833333,0.1515,0.738333333,0.057333333,0.239333333,0.033166667,HH
Q280,0.789,0.904666667,0.207166667,0.85,0.0545,0.2375,0.030666667,HH
Q281,0.704666667,0.8535,0.201666667,0.812333333,0.051166667,0.325666667,0.039166667,HH
Q282,0.711333333,0.785666667,0.143166667,0.889666667,0.061666667,0.251333333,0.033666667,HH
Q283,0.6885,0.8005,NaN,0.765666667,0.056166667,0.271833333,NaN,HH
Q284,0.752,0.826666667,0.227333333,0.793833333,0.059333333,0.316666667,NaN,HH
Q285,0.832833333,0.811166667,0.181166667,0.900666667,0.060166667,0.257833333,0.039,HH
Q286,0.7975,0.917666667,0.155666667,0.877833333,0.056666667,0.232833333,0.0335,HH
Q287,0.725,0.786833333,NaN,0.7825,0.057333333,0.250666667,0.033333333,HH
Q288,0.7135,0.905666667,0.199833333,0.848833333,0.058,0.290166667,0.037333333,HH
Q289,0.745,0.87,0.223333333,0.803,0.057,0.2795,0.038833333,HH
Q290,0.7015,0.857333333,0.197166667,0.828166667,0.058666667,0.286333333,0.033833333,HH
Q291,0.768666667,0.808833333,0.168166667,0.863166667,0.061166667,0.308333333,NaN,HH
Q292,0.537833333,0.700333333,0.153833333,0.563333333,0.0525,0.274166667,NaN,HH
Q293,0.620666667,0.805833333,0.184833333,0.699166667,0.062833333,0.2725,0.0395,HH
Q294,0.763,0.7075,0.125,0.760666667,0.060333333,0.232,NaN,HH
Q295,0.824833333,1.022666667,0.225,0.912166667,0.060666667,0.282833333,0.032833333,HH
Q296,0.64,0.844166667,0.208333333,0.6995,0.056666667,0.267333333,0.045833333,HH
Q297,0.880666667,0.902833333,0.232333333,0.88,0.060666667,0.225666667,0.0315,HH
Q298,0.888166667,0.962166667,0.191166667,0.996166667,0.058166667,0.283333333,NaN,HH
Q299,0.858333333,0.914833333,0.221166667,0.923333333,0.059833333,0.2585,0.033,HH
Q300,0.778333333,0.857666667,0.1875,0.827333333,0.059333333,0.278166667,NaN,HH
Q301,0.766166667,0.8875,0.216,0.924666667,0.06,0.248166667,0.035666667,HH
Q302,0.615833333,0.698333333,0.179333333,0.659666667,0.055666667,0.2725,NaN,HH
Q303,0.637833333,0.795833333,NaN,0.651166667,0.050333333,0.2295,0.034333333,HH
Q304,0.6605,0.774833333,0.1685,0.7105,0.058,0.243833333,NaN,HH
Q305,0.696166667,0.8485,0.216666667,0.746833333,0.056333333,0.296166667,0.043666667,HH
Q306,0.831,0.992666667,0.2545,0.976166667,0.0655,0.295,NaN,HH
Q307,0.720166667,0.839833333,0.208166667,0.819,0.055666667,0.2935,0.038833333,HH
Q308,0.740666667,0.854833333,0.196333333,0.8305,0.0545,0.259666667,0.037,HH
Q309,0.6045,0.7095,NaN,0.716833333,0.0555,0.245,0.032333333,HH
Q310,0.581666667,0.636666667,0.163833333,0.594,0.054333333,0.2505,NaN,HH
Q311,0.641333333,0.723666667,0.1625,0.737833333,0.061,0.239833333,0.0305,HH
Q312,0.629833333,0.738833333,0.157666667,0.717,0.052,0.24,0.036,HH
Q313,0.798333333,0.9725,0.199666667,0.892166667,0.059333333,0.249833333,NaN,HH
Q314,0.7145,0.760166667,0.190833333,0.8135,0.056,0.261,0.039,HH
Q315,0.789,0.802666667,0.180166667,0.883666667,0.054833333,0.276666667,0.0345,HH
Q316,0.623166667,0.816833333,0.138833333,0.781,0.062166667,0.237333333,0.036166667,HH
Q317,0.699,0.8005,0.149166667,0.711666667,0.0595,0.268,0.036333333,HH
Q318,0.605666667,0.747166667,0.1625,0.673166667,0.053166667,0.2525,0.035666667,HH
Q319,0.693833333,0.8355,0.163166667,0.7695,0.061,0.282166667,NaN,HH
Q320,0.609666667,0.700166667,NaN,0.693833333,0.053666667,0.248333333,0.033666667,HH
Q321,0.762,0.962833333,0.199,0.911833333,0.063166667,0.32,0.039833333,HH
Q322,0.78,0.872833333,0.191666667,0.875666667,0.061,0.268,0.038666667,HH
Q323,0.788666667,0.809,0.161333333,0.8355,0.060666667,0.2995,0.039666667,HH
Q324,0.608333333,0.811333333,0.1905,0.723833333,0.0585,0.255833333,0.037166667,HH
Q325,0.889833333,0.991333333,0.1615,0.937666667,0.061166667,0.306833333,0.039,HH
Q326,0.8065,0.837833333,0.1605,0.896666667,0.063833333,0.239,0.036166667,HH
Q327,0.800166667,0.879,0.212333333,0.901833333,0.063,0.2545,NaN,HH
Q328,0.638666667,0.823666667,0.220166667,0.692666667,0.057333333,0.243333333,0.0345,HH
Q329,0.843,0.843166667,0.1655,0.911166667,0.063833333,0.272333333,0.035666667,HH
Q330,0.713166667,0.812,0.144,0.772333333,0.053333333,0.263166667,0.039,HH
Q331,0.759166667,0.8465,0.183,0.890833333,0.059166667,0.297833333,0.039666667,HH
Q332,0.624166667,0.790166667,0.154,0.795,0.061666667,0.253166667,0.041666667,HH
Q333,0.584,0.842166667,0.143333333,0.6705,0.061,0.303833333,NaN,HH
LR1,0.732333333,0.843333333,0.181,0.785333333,0.054166667,0.216166667,NaN,MW
LR2,0.772,0.8075,0.188166667,0.834,0.060166667,0.318333333,0.035333333,MW
LR3,0.841833333,0.8575,0.202666667,0.916666667,0.053,0.342166667,0.033666667,MW
LR4,0.8705,0.879833333,0.1955,0.916166667,0.047333333,0.248,0.029666667,MW
LR5,0.817333333,0.847,0.180166667,0.861,0.0545,0.2945,0.038,MW
LR6,0.777666667,0.825666667,0.235333333,0.803833333,0.055666667,0.283833333,0.032666667,MW
LR7,0.813666667,0.874166667,0.203333333,0.839166667,0.0485,0.294,0.035833333,MW
LR8,0.831333333,0.947666667,0.213333333,0.854666667,0.054666667,0.385833333,0.037166667,MW
LR9,0.755,0.841833333,0.2295,0.844166667,0.048833333,0.3415,0.034166667,MW
LR10,0.810833333,0.906,0.221666667,0.858666667,0.055,0.373666667,0.038666667,MW
LR11,0.924833333,1.074166667,0.151666667,0.976833333,0.065,0.4095,0.051166667,MW
LR12,0.726166667,0.8485,0.2335,0.8525,0.0545,0.394166667,0.04,MW
LR13,0.906333333,0.953,0.250833333,0.946166667,0.055833333,0.357,0.037333333,MW
LR14,0.918,0.956833333,0.162833333,0.978166667,0.058333333,0.363833333,0.049833333,MW
LR15,0.912333333,0.967166667,0.188333333,0.970833333,0.057666667,0.3075,0.034166667,MW
LR16,0.7915,0.904333333,0.244333333,0.838,0.055333333,0.3485,0.041666667,MW
LR17,0.822,0.869166667,0.220166667,0.874833333,0.057166667,0.336666667,0.034,MW
LR18,0.6995,0.853333333,0.192666667,0.8145,0.055166667,0.302833333,0.037,MW
LR19,0.834333333,0.914166667,0.188666667,0.886333333,0.056,0.374166667,0.037,MW
LR20,0.9045,0.9275,0.189,0.971166667,0.058666667,0.276166667,0.032333333,MW
LR21,0.8735,0.940833333,0.1805,0.935333333,0.049,0.341666667,0.0315,MW
LR22,0.767666667,0.873166667,0.1595,0.880666667,0.051833333,0.347833333,0.036333333,MW
LR23,0.808,0.928666667,0.149833333,0.918833333,0.058666667,0.329,0.044166667,MW
LR24,0.753333333,0.872666667,0.201166667,0.860666667,0.0465,0.325166667,0.032833333,MW
LR25,0.816,0.885333333,0.270666667,0.894666667,0.056,0.370833333,0.034666667,MW
LR26,0.819166667,0.8915,0.244166667,0.872833333,0.055666667,0.3055,0.033333333,MW
LR27,0.808166667,0.880333333,0.225166667,0.846,0.054166667,0.337666667,0.035166667,MW
LR28,0.7705,0.876166667,0.174833333,0.8705,0.053833333,0.3215,0.036166667,MW
Q478,0.72085,0.795608,NaN,0.784299,NaN,NaN,0.043848333,YS
Q401,1.210006667,1.521953333,NaN,1.210006667,NaN,NaN,NaN,YS
Q402,0.585818333,0.793441667,NaN,0.630526667,NaN,NaN,0.052541667,YS
Q403,0.62123,0.74779,NaN,0.720276667,0.054916667,0.190068333,0.029455,YS
Q404,0.601339167,0.789671667,NaN,0.6480625,0.018606667,0.146766667,0.038285,YS
Q405,NaN,NaN,NaN,NaN,NaN,NaN,NaN,YS
Q406,NaN,NaN,NaN,NaN,NaN,NaN,NaN,YS
Q407,0.554905,0.777235,NaN,0.59211,NaN,NaN,0.039363333,YS
Q408,0.538405,0.699616667,NaN,0.556908333,0.076276667,0.33919,0.058525,YS
Q409,0.625561667,0.928345,NaN,0.691013333,0.01467,0.153166667,0.035306667,YS
Q410,0.645526667,0.89202,NaN,0.699135,0.016076667,0.113175,0.023668333,YS
Q411,0.501511667,0.688306667,NaN,0.504811667,0.052536667,0.18919,0.017323333,YS
Q412,0.827428333,1.138038333,NaN,0.868665,NaN,0.219918333,0.017028333,YS
Q413,0.629831667,0.84321,NaN,0.661885,0.053066667,0.277036667,0.042796667,YS
Q414,0.643188333,0.953096667,NaN,0.690226667,NaN,NaN,0.036566667,YS
Q415,0.790418333,0.938478333,NaN,0.867101667,NaN,NaN,0.050976667,YS
Q416,0.860578333,0.911631667,NaN,0.915728333,0.024506667,0.214386667,0.041276667,YS
Q417,0.5981,0.784811667,NaN,0.635248333,0.035946667,0.200528333,0.045853333,YS
Q418,1.007666667,1.153886667,NaN,1.031581667,NaN,NaN,0.046283333,YS
Q419,0.808778333,0.95364,NaN,0.822348333,NaN,NaN,0.054393333,YS
Q420,1.108323333,0.970331667,NaN,1.153281667,NaN,NaN,0.04411,YS
Q421,0.7628,0.775358333,NaN,0.779786667,NaN,NaN,0.03374,YS
Q422,0.754723333,0.781315,NaN,0.794798333,0.015193333,0.24911,0.036253333,YS
Q423,0.839098333,1.197946667,NaN,0.908066667,NaN,NaN,NaN,YS
Q424,0.905826667,1.112326667,NaN,0.953625,NaN,NaN,NaN,YS
Q425,0.756775,1.059766667,NaN,0.812081667,NaN,NaN,0.04552,YS
Q426,0.732693333,0.853511667,NaN,0.750035,NaN,NaN,0.03564,YS
Q427,0.627905,0.910048333,NaN,0.72055,NaN,NaN,0.045853333,YS
Q428,1.062101667,1.052246667,NaN,1.12648,NaN,NaN,0.043923333,YS
Q429,NaN,NaN,NaN,NaN,NaN,NaN,NaN,YS
Q430,NaN,NaN,NaN,NaN,NaN,NaN,NaN,YS
Q431,1.015955,1.069576667,NaN,1.027893333,NaN,NaN,NaN,YS
Q432,0.814286667,0.940741667,NaN,0.906233333,NaN,NaN,0.03691,YS
Q433,0.861138333,0.829845,NaN,0.915306667,NaN,NaN,0.04427,YS
Q434,0.63124,0.758746667,NaN,0.674798333,NaN,NaN,0.05442,YS
Q435,NaN,NaN,NaN,NaN,NaN,NaN,NaN,YS
Q436,0.69586,0.519506667,NaN,0.69586,NaN,NaN,NaN,YS
Q437,0.65683,0.799885,NaN,0.668673333,NaN,NaN,0.04616,YS
Q438,0.705405,0.787518333,NaN,0.751078333,NaN,NaN,0.046243333,YS
Q439,0.554086667,0.780198333,NaN,0.618633333,NaN,NaN,0.051243333,YS
Q440,0.880203333,0.866705,NaN,0.892928333,NaN,NaN,0.06312,YS
Q441,0.68763,0.596503333,NaN,0.7129,NaN,NaN,NaN,YS
Q442,0.875015,0.93184,NaN,0.897765,NaN,NaN,0.043706667,YS
Q443,NaN,NaN,NaN,NaN,NaN,NaN,NaN,YS
Q444,0.752981667,0.867166667,NaN,0.856798333,NaN,NaN,0.05299,YS
Q445,0.77612,0.890835,NaN,0.846743333,NaN,NaN,0.05497,YS
Q446,NaN,NaN,NaN,NaN,NaN,NaN,NaN,YS
Q447,0.902415,0.71474,NaN,0.9744,NaN,NaN,0.04783,YS
Q448,0.807738333,0.820525,NaN,0.88153,NaN,NaN,0.035333333,YS
Q449,0.945646667,0.862106667,NaN,1.029216667,NaN,NaN,0.034443333,YS
Q450,0.64928,0.570706667,NaN,0.67616,NaN,NaN,0.04396,YS
Q451,0.75682,0.774033333,NaN,0.82586,NaN,NaN,0.043556667,YS
Q452,0.545271667,0.571568333,NaN,0.57441,NaN,NaN,0.02365,YS
Q453,0.506606667,0.847966667,NaN,0.517101667,NaN,NaN,NaN,YS
Q454,0.698515,0.779368333,NaN,0.747791667,NaN,NaN,0.055356667,YS
Q455,NaN,NaN,NaN,NaN,NaN,NaN,NaN,YS
Q456,0.879271667,0.864218333,NaN,0.936098333,NaN,NaN,0.044703333,YS
Q457,0.545436667,NaN,NaN,0.545436667,NaN,NaN,NaN,YS
Q458,NaN,NaN,NaN,NaN,NaN,NaN,NaN,YS
Q459,0.728321667,0.665821667,NaN,0.752026667,NaN,NaN,0.044276667,YS
Q460,0.475746667,NaN,NaN,0.475746667,NaN,NaN,NaN,YS
Q461,0.519721667,0.712773333,NaN,0.599626667,NaN,NaN,0.038346667,YS
Q462,0.922473333,0.927338333,NaN,1.007803333,NaN,NaN,0.0562,YS
Q463,NaN,NaN,NaN,NaN,NaN,NaN,NaN,YS
Q464,NaN,NaN,NaN,NaN,NaN,NaN,NaN,YS
Q465,0.698061667,0.65511,NaN,0.747593333,NaN,NaN,0.042463333,YS
Q466,0.553348333,0.623866667,NaN,0.597926667,NaN,NaN,0.035283333,YS
Q467,0.671761667,0.556273333,NaN,0.73065,NaN,NaN,0.047996667,YS
Q468,0.695743333,0.720878333,NaN,0.736355,NaN,NaN,0.0355,YS
Q469,0.447413333,NaN,NaN,0.449626667,NaN,NaN,NaN,YS
Q470,0.540338333,NaN,NaN,0.552141667,NaN,NaN,NaN,YS
Q471,0.713396667,0.595271667,NaN,0.716181667,NaN,NaN,0.04301,YS
Q472,0.812456667,0.688715,NaN,0.81841,NaN,NaN,0.041873333,YS
Q473,NaN,NaN,NaN,NaN,NaN,NaN,NaN,YS
Q474,0.504728333,0.603656667,NaN,0.528648333,NaN,NaN,0.03634,YS
Q475,0.540681667,0.527133333,NaN,0.548053333,NaN,NaN,0.036296667,YS
Q476,NaN,NaN,NaN,NaN,NaN,NaN,NaN,YS
Q477,0.435918333,0.515413333,NaN,0.398611667,NaN,NaN,0.036493333,YS
Q479,0.76137,0.841745,NaN,0.825911667,NaN,NaN,0.054133333,YS
Q480,0.753081667,0.84927,NaN,0.777616667,NaN,NaN,0.072336667,YS
Q481,0.811991667,0.770826667,NaN,0.808245,NaN,NaN,NaN,YS
Q482,0.925603333,0.974475,NaN,0.965573333,NaN,NaN,0.067016667,YS
Q483,0.70881,0.857025,NaN,0.752561667,NaN,NaN,0.08342,YS
Q484,0.902733333,0.924538333,NaN,0.985026667,NaN,NaN,0.06453,YS
Q485,1.029043333,1.062551667,NaN,1.049268333,NaN,NaN,0.094273333,YS
Q486,0.5954,0.593878333,NaN,0.594715,NaN,NaN,NaN,YS
Q487,0.544365,0.576063333,NaN,0.549438333,NaN,NaN,0.027966667,YS
Q488,0.645316667,0.645761667,NaN,0.65215,NaN,NaN,0.037793333,YS
Q489,0.33822,NaN,NaN,0.33822,NaN,NaN,NaN,YS
Q490,0.86683,0.849095,NaN,0.902285,NaN,NaN,0.062826667,YS
Q491,NaN,NaN,NaN,NaN,NaN,NaN,NaN,YS
Q492,0.672451667,0.741503333,NaN,0.71824,NaN,NaN,0.048953333,YS
Q493,NaN,NaN,NaN,NaN,NaN,NaN,NaN,YS
Q494,0.704945,0.62715,NaN,0.707493333,NaN,NaN,0.052743333,YS
Q495,0.699883333,0.824343333,NaN,0.747828333,0.03519,0.345826667,0.05467,YS
Q496,0.761265,0.840116667,NaN,0.81945,NaN,NaN,0.054206667,YS
Q497,0.899258333,0.857283333,NaN,0.915893333,NaN,0.397991667,0.034141667,YS
Q498,0.798973333,0.799823333,NaN,0.791896667,NaN,NaN,0.05651,YS
Q499,0.923618333,0.971116667,NaN,1.010301667,NaN,NaN,0.055483333,YS
Q500,0.859588333,0.760565,NaN,0.85578,0.06256,0.390073333,0.061143333,YS
Q501,0.732843333,0.848078333,NaN,0.778755,NaN,NaN,0.06326,YS
Q502,0.76245,0.80585,NaN,0.803105,NaN,NaN,0.05607,YS
Q503,0.859375,0.91508,NaN,0.906808333,NaN,NaN,0.073243333,YS
Q504,0.8385,0.81343,NaN,0.88436,NaN,NaN,0.064413333,YS
Q505,0.68786,0.844445,NaN,0.736873333,NaN,NaN,0.0449,YS
Q506,0.645136667,0.772473333,NaN,0.722516667,NaN,NaN,NaN,YS
Q507,0.832631667,0.902876667,NaN,0.893658333,NaN,NaN,0.06355,YS
Q508,0.712063333,0.825463333,NaN,0.739513333,NaN,NaN,0.06289,YS
Q509,0.799581667,0.888305,NaN,0.854765,NaN,NaN,0.06577,YS
Q510,0.750273333,NaN,NaN,0.803351667,NaN,NaN,NaN,YS
Q511,0.831051667,0.860458333,NaN,0.865233333,NaN,NaN,0.056606667,YS
Q512,0.841013333,0.90244,NaN,0.922653333,NaN,NaN,NaN,YS
Q513,0.729861667,0.740183333,NaN,0.807731667,NaN,NaN,0.06398,YS
Q514,0.759246667,0.867011667,NaN,0.798735,NaN,NaN,0.06078,YS
Q515,0.741471667,0.73067,NaN,0.825671667,NaN,NaN,0.084013333,YS
Q516,0.619765,0.848348333,NaN,0.722085,NaN,NaN,0.04502,YS
Q517,0.751716667,0.794891667,NaN,0.795828333,NaN,NaN,0.06391,YS
Q518,0.69932,0.810053333,NaN,0.78081,NaN,NaN,0.066943333,YS
Q519,0.724265,0.916013333,NaN,0.812925,NaN,NaN,0.054863333,YS
Q520,0.68339,0.733453333,NaN,0.750393333,NaN,NaN,0.066903333,YS
Q521,0.834871667,0.895136667,NaN,0.886678333,NaN,NaN,0.062676667,YS
Q522,0.800288333,0.810166667,NaN,0.866321667,NaN,NaN,0.044776667,YS
Q523,0.847813333,0.763561667,NaN,0.855698333,NaN,NaN,0.043986667,YS
Q524,0.80464,0.792958333,NaN,0.802671667,NaN,NaN,0.063566667,YS
Q525,0.942243333,0.91546,NaN,0.992256667,NaN,NaN,0.064536667,YS
Q526,0.847291667,0.877226667,NaN,0.879976667,NaN,NaN,0.053736667,YS
Q527,0.765476667,0.793258333,NaN,0.81522,NaN,NaN,0.056993333,YS
Q528,1.912145,0.78734,NaN,0.786463333,NaN,NaN,0.04583,YS
Q529,0.939091667,0.931221667,NaN,0.947953333,NaN,NaN,0.043976667,YS
Q530,0.846253333,0.874241667,NaN,0.90663,NaN,NaN,0.04505,YS
Q531,0.874331667,0.875226667,NaN,0.921095,NaN,NaN,0.045316667,YS
Q532,1.039708333,1.050578333,NaN,1.124403333,NaN,NaN,0.072423333,YS
Q533,0.821178333,0.853375,NaN,0.888545,NaN,NaN,0.044883333,YS
Q534,NaN,NaN,NaN,NaN,NaN,NaN,NaN,YS
Q535,NaN,NaN,NaN,NaN,NaN,NaN,NaN,YS
Q536,NaN,NaN,NaN,NaN,NaN,NaN,NaN,YS
Q537,NaN,NaN,NaN,NaN,NaN,NaN,NaN,YS
Q538,NaN,NaN,NaN,NaN,NaN,NaN,NaN,YS
Q539,NaN,NaN,NaN,NaN,NaN,NaN,NaN,YS
Q540,NaN,NaN,NaN,NaN,NaN,NaN,NaN,YS
Q541,NaN,NaN,NaN,NaN,NaN,NaN,NaN,YS
Q542,NaN,NaN,NaN,NaN,NaN,NaN,NaN,YS
Q543,NaN,NaN,NaN,NaN,NaN,NaN,NaN,YS
Q544,NaN,NaN,NaN,NaN,NaN,NaN,NaN,YS
Q545,NaN,NaN,NaN,NaN,NaN,NaN,NaN,YS
Q546,NaN,NaN,NaN,NaN,NaN,NaN,NaN,YS
Q547,0.828183333,0.932336667,NaN,0.980106667,NaN,NaN,0.05466,YS
Q548,0.689486667,0.677381667,NaN,0.782985,NaN,NaN,0.036083333,YS
Q549,0.872196667,0.79027,NaN,0.89117,NaN,NaN,0.043636667,YS
Q550,0.88045,0.696643333,NaN,0.909193333,NaN,NaN,0.035093333,YS
Q551,0.838028333,0.88869,NaN,0.888226667,NaN,NaN,0.05727,YS
Q552,0.695425,0.747608333,NaN,0.700385,NaN,NaN,NaN,YS
Q553,0.887763333,0.89749,NaN,0.887763333,NaN,NaN,NaN,YS
Q554,0.777325,0.777433333,NaN,0.825061667,NaN,NaN,0.06308,YS
Q555,0.607981667,0.698778333,NaN,0.666416667,NaN,NaN,0.043543333,YS
Q556,0.701571667,0.778523333,NaN,0.741275,NaN,NaN,0.053036667,YS
Q00896,0.954996667,0.851841667,NaN,1.012768333,NaN,NaN,0.053943333,YS
Q01111,0.93091,0.94162,NaN,1.004206667,NaN,NaN,0.074316667,YS
Q15114,NaN,NaN,NaN,NaN,NaN,NaN,NaN,YS
Q10501,0.763946667,0.901525,NaN,0.803278333,NaN,NaN,0.052763333,YS
Q13163,0.617241667,0.519646667,NaN,0.625783333,NaN,NaN,0.040376667,YS
Q13874,0.370835,0.546388333,NaN,0.408346667,NaN,NaN,0.035026667,YS
Q14045,0.807163333,NaN,NaN,0.823761667,NaN,NaN,NaN,YS
Q14155,0.738841667,0.731508333,NaN,0.808586667,NaN,NaN,0.04502,YS
Q15035,0.888907778,0.856356667,NaN,0.977332222,NaN,NaN,0.055093333,YS
Q16017,0.713975,0.78461,NaN,0.784156667,NaN,NaN,0.045746667,YS
Q17376,0.81459,0.936296667,NaN,0.943723333,NaN,NaN,0.054386667,YS
Q18348,0.6261,0.692378333,NaN,0.692795,NaN,NaN,0.066853333,YS
Q18358,0.745986667,0.776556667,NaN,0.745986667,NaN,NaN,NaN,YS
Q18384,0.663945,0.647828333,NaN,0.687936667,NaN,NaN,0.037053333,YS
Q19397,0.450035,0.564395,NaN,0.526108333,NaN,NaN,0.026603333,YS
Q21088,0.381303333,0.620123333,NaN,0.381303333,NaN,NaN,NaN,YS
Q148101,0.858548333,0.803055,NaN,0.955478333,NaN,NaN,0.055826667,YS
Q2015002,0.900043333,0.775016667,NaN,0.900043333,NaN,NaN,NaN,YS
QG1519,0.57222,0.72375,NaN,0.5807175,NaN,NaN,NaN,YS
QIMG_0574,0.7742,0.845566667,NaN,0.7742,NaN,NaN,NaN,YS
Q13880,0.5887,0.83006,NaN,0.62488,NaN,NaN,0.03633,YS
Q17002,NaN,NaN,NaN,NaN,NaN,NaN,NaN,YS
Q19004,0.817376667,0.93668,NaN,0.847836667,0.051686667,0.2619,0.035113333,YS
Q21076,0.766723333,0.83284,NaN,0.842823333,NaN,NaN,0.036356667,YS
Q15015,0.87993,0.85743,NaN,1.05019,NaN,NaN,0.057823333,YS
Q18538,0.649323333,0.67654,NaN,0.683173333,NaN,NaN,0.046916667,YS
Q15002,0.746193333,0.740186667,NaN,0.848276667,NaN,NaN,NaN,YS
Q21008,0.35835,0.576366667,NaN,0.367473333,NaN,NaN,0.036273333,YS
Q181006,NaN,NaN,NaN,NaN,NaN,NaN,NaN,YS
QG1520,0.63547,NaN,NaN,0.65304,NaN,NaN,NaN,YS
QG1521,0.64251,NaN,NaN,0.69478,NaN,NaN,NaN,YS
Q10574,0.818506667,0.764783333,NaN,0.841196667,NaN,NaN,0.05363,YS
Q10723,0.8474,0.86327,NaN,1.022946667,NaN,NaN,0.044413333,YS
Q10732,NaN,NaN,NaN,NaN,NaN,NaN,NaN,YS
Q10734,NaN,NaN,NaN,NaN,NaN,NaN,NaN,YS
Q10737,0.811746667,NaN,NaN,0.932106667,NaN,NaN,NaN,YS
Q110426,0.85318,NaN,NaN,0.928143333,NaN,NaN,NaN,YS
Q16012,0.583106667,0.667546667,NaN,0.72178,NaN,NaN,0.044413333,YS
LR003,0.93445,1.044663333,NaN,0.996085,NaN,NaN,0.071386667,MW
LR004,0.731828333,0.867745,NaN,0.753598333,0.026641667,0.220931667,0.038861667,MW
LR005,0.944148333,1.013895,NaN,1.010935,NaN,NaN,0.078065,MW
LR006,NaN,NaN,NaN,NaN,0.033868333,0.272521667,NaN,MW
LR007,0.773083333,0.877573333,NaN,0.853001667,0.030548333,0.272535,0.056776667,MW
LR008,0.866386667,1.027438333,NaN,0.939918333,0.04183,0.33066,0.060888333,MW
LR009,0.826853333,0.997271667,NaN,0.85221,0.032636667,0.226375,0.055093333,MW
LR010,0.739556667,0.779498333,NaN,0.764603333,0.031243333,0.17498,0.045166667,MW
LR011,0.74933,0.857586667,NaN,0.820795,0.041681667,0.276413333,0.053466667,MW
LR012,0.8174,0.871566667,NaN,0.859965,0.02678,0.173431667,0.063301667,MW
LR013,0.91267,0.98901,NaN,0.957141667,0.025855,0.218958333,0.061461667,MW
LR014,0.81939,0.906156667,NaN,0.898518333,0.029855,0.24507,0.059453333,MW
LR015,0.931761667,0.996661667,NaN,0.987995,0.040691667,0.297446667,0.04897,MW
LR016,0.944795,0.948553333,NaN,0.98189,0.032745,0.28416,0.06595,MW
LR017,0.84932,0.943971667,NaN,0.916903333,0.031995,0.250343333,0.060541667,MW
LR018,0.73652,0.918046667,NaN,0.809735,0.041841667,0.22262,0.06323,MW
LR019,0.784836667,0.799838333,NaN,0.85175,0.03191,0.180245,0.077901667,MW
LR020,0.837661667,1.041821667,NaN,0.926356667,0.02907,0.170238333,0.075603333,MW
LR021,0.958563333,0.976686667,NaN,0.991315,0.029196667,0.212573333,0.054323333,MW
LR022,0.7746,0.893411667,NaN,0.828635,0.034486667,0.207666667,0.055633333,MW
LR023,0.798665,0.924378333,NaN,0.926188333,0.027408333,0.211876667,0.062603333,MW
LR024,0.763188333,0.76971,NaN,0.835418333,0.04024,0.283465,0.064056667,MW
LR025,0.855735,0.92182,NaN,0.908461667,0.043296667,0.250305,0.066305,MW
LR026,0.807753333,0.817951667,NaN,0.857851667,0.058075,0.350503333,0.066333333,MW
LR027,0.837845,0.796821667,NaN,0.890148333,0.040815,0.271255,0.0602,MW
LR028,0.75364,0.908861667,NaN,0.763385,0.049998333,0.254745,0.056406667,MW
LR029,0.794755,0.932846667,NaN,0.871591667,0.034385,0.281583333,0.072256667,MW
LR030,0.788101667,0.85037,NaN,0.855506667,0.027451667,0.219678333,0.055655,MW
LR031,0.701778333,0.721396667,NaN,0.762245,0.03338,0.196561667,0.043341667,MW
LR032,0.645686667,0.771963333,NaN,0.69309,0.024893333,0.18888,0.054771667,MW
LR033,1.016226667,0.933093333,NaN,1.05716,0.031933333,0.245643333,0.070543333,MW
LR034,0.557588333,0.801861667,NaN,0.638308333,0.03618,0.240923333,0.058981667,MW
LR035,1.014873333,0.990176667,NaN,1.057018333,0.025608333,0.168715,0.063003333,MW
LR036,0.69295,0.768536667,NaN,0.740956667,0.027228333,0.156643333,0.059045,MW
LR037,0.759045,0.804453333,NaN,0.855018333,0.02795,0.150271667,0.061641667,MW
LR038,0.790978333,0.821108333,NaN,0.86655,0.024838333,0.189246667,0.059335,MW
LR039,0.908656667,1.02845,NaN,1.008406667,0.038075,0.237755,0.072213333,MW
LR040,0.835485,0.828935,NaN,0.872465,0.02301,0.212513333,0.060426667,MW
LR041,0.7756,0.885858333,NaN,0.811733333,0.030351667,0.281088333,0.057678333,MW
LR042,0.801386667,0.871355,NaN,0.864383333,0.016801667,0.17255,0.060163333,MW
LR043,0.798905,0.884051667,NaN,0.89357,0.042104,0.3062,0.062441667,MW
LR044,0.766603333,0.805645,NaN,0.862276667,0.026856667,0.189323333,0.054003333,MW
LR045,0.804481667,0.883378333,NaN,0.88286,0.02289,0.174571667,0.05462,MW
LR046,0.669765,0.789293333,NaN,0.717791667,0.029461667,0.207671667,0.05793,MW
LR047,0.933171667,0.949328333,NaN,0.996871667,0.031308333,0.184911667,0.067591667,MW
LR048,NaN,NaN,NaN,NaN,NaN,NaN,NaN,MW
LR049,NaN,NaN,NaN,NaN,NaN,NaN,NaN,MW
LR050,0.843721667,0.927275,NaN,0.866656667,0.031118333,0.208998333,0.049878333,MW
LR051,1.177363333,2.099461667,NaN,1.216208333,0.037575,0.25175,0.063165,MW
LR052,0.761556667,0.83174,NaN,0.830221667,0.032011667,0.174426667,0.055866667,MW
LR053,0.76516,0.92953,NaN,0.868945,0.025916667,0.183805,0.059915,MW
LR054,0.995116667,0.964216667,NaN,1.093965,0.037956667,0.282898333,0.074996667,MW
LR055,0.916521667,0.912343333,NaN,1.004913333,0.026573333,0.216028333,0.05679,MW
LR056,0.988708333,1.015481667,NaN,1.082725,NaN,0.235301667,0.074713333,MW
LR057,0.552346667,0.866413333,NaN,0.639953333,0.03117,0.202336667,0.060918333,MW
LR058,0.870196667,0.95969,NaN,0.994676667,0.041521667,0.244666667,0.065838333,MW
LR059,0.836841667,0.771448333,NaN,0.898598333,0.040141667,0.297276667,0.06043,MW
LR060,0.872916667,0.924496667,NaN,0.94829,0.031313333,0.21254,0.059396667,MW
LR061,0.845351667,0.937441667,NaN,0.948458333,0.031818333,0.228381667,0.068236667,MW
LR062,0.902538333,0.970208333,NaN,0.966673333,0.031161667,0.187401667,0.06701,MW
LR063,0.79973,0.788238333,NaN,0.899316667,NaN,0.382253333,0.048926667,MW
LR064,0.772071667,0.940616667,NaN,0.83243,0.042656667,0.360011667,0.04977,MW
LR065,0.72223,0.757793333,NaN,0.781101667,0.035586667,0.178018333,0.048998333,MW
LR066,0.511841667,0.659768333,NaN,0.590748333,0.016526667,0.105035,0.04456,MW
LR067,0.616406667,0.718798333,NaN,0.650478333,0.026993333,0.203298333,0.052388333,MW
LR068,0.699511667,0.837335,NaN,0.762481667,0.037778333,0.232603333,0.058166667,MW
LR069,0.657178333,0.686986667,NaN,0.719135,0.024673333,0.185453333,0.069853333,MW
LR070,0.580428333,0.674048333,NaN,0.626316667,0.029291667,0.224498333,0.042743333,MW
LR071,0.71756,0.742293333,NaN,0.783063333,0.025551667,0.247555,0.04326,MW
LR072,0.88307,0.953403333,NaN,0.951735,0.028415,0.241915,0.075171667,MW
LR073,0.781711667,0.955096667,NaN,0.86877,0.026676667,0.226063333,0.065823333,MW
LR074,0.810788333,0.885908333,NaN,0.861481667,0.035431667,0.203753333,0.067263333,MW
LR075,0.732168333,0.9316,NaN,0.815618333,0.035143333,0.254905,0.064293333,MW
LR076,0.648283333,0.815193333,NaN,0.7238,0.032336667,0.194498333,0.047681667,MW
LR077,0.64164,0.907481667,NaN,0.698535,0.023175,0.196206667,0.050056667,MW
LR078,NaN,NaN,NaN,NaN,0.039466667,0.235831667,NaN,MW
LR079,0.826148333,0.922903333,NaN,0.869125,0.041981667,0.201341667,0.064528333,MW
LR080,0.65685,0.7504,NaN,0.722775,0.043406667,0.262281667,0.052565,MW
LR081,0.763346667,0.874456667,NaN,0.824513333,0.023371667,0.165663333,0.062131667,MW
LR082,0.648225,0.887751667,NaN,0.764858333,0.026656667,0.164695,0.07626,MW
LR083,0.702415,0.824255,NaN,0.753413333,0.017025,0.136576667,0.054051667,MW
LR084,0.634866667,0.816198333,NaN,0.712945,0.027301667,0.159713333,0.044581667,MW
LR085,NaN,NaN,NaN,NaN,0.035773333,0.229066667,NaN,MW
LR086,0.581956667,0.826436667,NaN,0.6283,0.04309,0.206096667,0.051098333,MW
LR087,NaN,NaN,NaN,NaN,0.031943333,0.218295,NaN,MW
LR088,0.709951667,0.797258333,NaN,0.771945,0.03848,0.266691667,0.078266667,MW
LR089,0.74119,0.836116667,NaN,0.791748333,0.0276,0.154355,0.062518333,MW
LR090,0.492876667,0.747213333,NaN,0.548006667,0.02672,0.209753333,0.044886667,MW
LR091,0.766378333,0.928576667,NaN,0.816426667,0.025918333,0.186343333,0.056555,MW
LR092,0.740683333,0.745675,NaN,0.813491667,0.02322,0.186525,0.051495,MW
LR093,0.679106667,0.844686667,NaN,0.736053333,0.027108333,0.199145,0.054685,MW
LR094,0.936635,0.956901667,NaN,0.987671667,0.033128333,0.204916667,0.066628333,MW
LR095,0.92453,0.910238333,NaN,0.992838333,0.018518333,0.195185,0.063635,MW
LR096,0.82655,0.936928333,NaN,0.933465,0.024296667,0.19757,0.058511667,MW
LR097,0.773995,0.914761667,NaN,0.854785,0.017536667,0.17022,0.058018333,MW
LR098,0.821666667,0.913308333,NaN,0.88914,NaN,NaN,0.05236,MW
LR099,0.842738333,0.85573,NaN,0.910126667,0.026823333,0.115656667,0.045193333,MW
LR100,0.854903333,0.864096667,NaN,0.939708333,NaN,NaN,0.053743333,MW
LR101,0.620386667,0.803168333,NaN,0.696043333,0.02435,0.203793333,0.05529,MW
LR102,0.756913333,0.8457,NaN,0.80234,0.026753333,0.156248333,0.065675,MW
LR103,0.7401,0.80154,NaN,0.80462,0.018613333,0.167631667,0.063656667,MW
LR104,0.824055,0.781095,NaN,0.854136667,0.026461667,0.182585,0.049563333,MW
LR105,0.733686667,0.858943333,NaN,0.843646667,NaN,NaN,0.050273333,MW
LR106,0.878006667,0.805228333,NaN,0.928466667,0.021038333,0.203551667,0.06005,MW
LR107,0.884495,0.937883333,NaN,0.956985,0.042535,0.196513333,0.054265,MW
LR108,0.811903333,0.80889,NaN,0.890391667,0.024856667,0.172325,0.056906667,MW
LR109,0.887435,0.754058333,NaN,0.97612,0.02802,0.176666667,0.050995,MW
LR110,0.975056667,0.83816,NaN,1.533161667,0.024325,0.21769,0.058618333,MW
LR111,0.810756667,0.888251667,NaN,0.886335,0.030586667,0.21907,0.0608,MW
LR112,0.91041,0.877466667,NaN,0.986261667,0.023035,0.181396667,0.061948333,MW
LR113,0.699801667,0.909001667,NaN,0.800868333,0.02734,0.24779,0.058558333,MW
LR114,0.853623333,0.913576667,NaN,0.940183333,0.032,0.177318333,0.058388333,MW
LR115,0.759796667,0.876011667,NaN,0.824686667,0.035218333,0.266015,0.060228333,MW
LR116,0.724045,0.851456667,NaN,0.787193333,0.026761667,0.196841667,0.05206,MW
LR117,0.735116667,0.951498333,NaN,0.833968333,0.02701,0.201401667,0.055361667,MW
LR118,0.682981667,0.804895,NaN,0.748718333,0.026266667,0.219116667,0.043388333,MW
LR119,0.859431667,0.930041667,NaN,0.916398333,0.033955,0.227976667,0.05759,MW
LR120,0.675946667,0.779003333,NaN,0.755756667,0.027676667,0.197808333,0.043518333,MW
LR121,0.798906667,0.833171667,NaN,0.906085,0.034056667,0.186455,0.05864,MW
LR122,0.777888333,0.8289,NaN,0.876261667,0.027913333,0.249121667,0.058691667,MW
LR123,0.838048333,0.771878333,NaN,0.866531667,0.044723333,NaN,0.060266667,MW
LR124,0.600543333,0.797758333,NaN,0.67597,0.027896667,0.258395,0.04395,MW
LR125,0.600188333,0.70901,NaN,0.69239,0.025465,0.180203333,0.047806667,MW
LR126,0.679878333,0.83094,NaN,0.767041667,0.027748333,0.228705,0.047813333,MW
LR127,0.635133333,0.759243333,NaN,0.714776667,0.035648333,0.187546667,0.051455,MW
LR128,0.911656667,0.88512,NaN,0.989896667,0.018003333,0.2067,0.05272,MW
LR129,0.680141667,0.883683333,NaN,0.760478333,0.024901667,0.301348333,0.050526667,MW
LR130,0.84945,0.850751667,NaN,0.925763333,0.031455,0.253616667,0.048788333,MW
LR131,0.72824,0.851573333,NaN,0.832608333,0.032865,0.25734,0.047206667,MW
LR132,0.75081,0.853295,NaN,0.819976667,0.015988333,0.186503333,0.05004,MW
LR133,0.848438333,0.923366667,NaN,0.936391667,0.040555,0.220806667,0.070848333,MW
LR134,0.867283333,0.850951667,NaN,0.931246667,0.02663,0.216231667,0.05185,MW
LR135,0.60044,0.865685,NaN,0.704703333,NaN,0.414356667,0.047676667,MW
LR136,0.874366667,0.858455,NaN,0.862746667,0.02681,0.221238333,0.061626667,MW
LR137,0.899458333,0.898101667,NaN,0.997808333,0.0295,0.125976667,0.079705,MW
LR138,0.648551667,0.810565,NaN,0.773146667,0.020168333,0.17821,0.046385,MW
LR139,0.770283333,0.844976667,NaN,0.834601667,0.019155,0.201568333,0.060651667,MW
LR140,0.757093333,0.848908333,NaN,0.827976667,0.02512,0.163821667,0.061795,MW
LR141,0.820485,0.824343333,NaN,0.85632,0.024273333,0.199605,0.065431667,MW
LR142,0.758378333,0.776461667,NaN,0.797673333,0.025503333,0.175228333,0.042046667,MW
LR143,0.648161667,0.764795,NaN,0.745705,NaN,NaN,0.049493333,MW
LR144,0.739398333,0.848098333,NaN,0.805755,0.031246667,0.212136667,0.060275,MW
LR145,0.853713333,0.850725,NaN,0.874696667,0.023088333,0.204113333,0.063791667,MW
LR146,0.845136667,0.861723333,NaN,0.881101667,0.016881667,0.163363333,0.057101667,MW
LR147,0.83247,0.819865,NaN,0.893175,0.01658,0.171288333,0.049726667,MW
LR148,0.560615,0.669728333,NaN,0.624958333,0.029366667,0.235103333,0.043756667,MW
LR149,0.771741667,0.907701667,NaN,0.84852,0.028,0.258348333,0.050658333,MW
LR150,0.73935,0.861755,NaN,0.806525,0.02696,0.175505,0.048285,MW
LR151,0.729283333,0.851793333,NaN,0.83787,0.018333333,0.177585,0.066136667,MW
LR152,0.732006667,0.81738,NaN,0.76878,0.026358333,0.178088333,0.053058333,MW
LR153,0.740931667,0.843123333,NaN,0.844181667,NaN,NaN,0.062595,MW
LR154,0.71082,0.839618333,NaN,0.784035,0.03349,0.316476667,0.054321667,MW
LR155,0.765386667,0.76601,NaN,0.837198333,NaN,NaN,0.05868,MW
LR156,0.708786667,0.775676667,NaN,0.807711667,0.021238333,0.170518333,0.051083333,MW
LR157,0.629855,0.840478333,NaN,0.724533333,0.014696667,0.252656667,0.044055,MW
LR158,0.596191667,0.844543333,NaN,0.668886667,0.01574,0.16049,0.041091667,MW
LR159,0.752383333,0.841286667,NaN,0.847535,0.025281667,0.189685,0.052485,MW
LR160,0.707288333,0.814755,NaN,0.810595,NaN,NaN,0.064528333,MW
LR161,0.647578333,0.82998,NaN,0.746806667,0.018861667,0.158518333,0.04735,MW
LR162,0.71818,0.85936,NaN,0.814191667,0.013583333,0.138913333,0.047141667,MW
LR163,0.798513333,0.828461667,NaN,0.85438,0.014478333,0.191933333,0.04797,MW
LR164,0.796206667,0.870825,NaN,0.864878333,0.018195,0.158541667,0.05459,MW
LR165,0.804993333,0.797385,NaN,0.858725,0.02693,0.280216667,0.062291667,MW
LR166,0.659395,0.785083333,NaN,0.708753333,0.022273333,0.224718333,0.046916667,MW
LR167,0.896691667,0.86936,NaN,0.9191,0.025655,0.190876667,0.044576667,MW
LR168,0.766895,0.904181667,NaN,0.851596667,0.024413333,0.227118333,0.06254,MW
LR169,0.930125,0.842238333,NaN,0.977003333,0.036196667,0.213883333,0.05434,MW
LR170,0.601888333,0.84354,NaN,0.717765,NaN,NaN,0.049826667,MW
LR171,0.713461667,0.865101667,NaN,0.77883,0.023983333,0.245513333,0.05492,MW
LR172,0.813463333,0.823791667,NaN,0.883396667,0.025415,0.227915,0.063966667,MW
LR173,0.826853333,0.841611667,NaN,0.87142,0.022851667,0.204931667,0.057341667,MW
LR174,0.813086667,0.876821667,NaN,0.901176667,0.021841667,0.193958333,0.05484,MW
LR175,0.75723,0.879516667,NaN,0.8721,0.024993333,0.211063333,0.049058333,MW
LR176,0.62721,0.77221,NaN,0.679201667,0.021345,0.145475,0.055188333,MW
LR177,0.80963,0.877658333,NaN,0.889111667,0.028886667,0.218826667,0.05837,MW
LR178,0.829853333,0.79818,NaN,0.913143333,0.026276667,0.207551667,0.054915,MW
LR179,0.893356667,0.863781667,NaN,0.972443333,0.023898333,0.21198,0.047498333,MW
LR180,0.847481667,0.838096667,NaN,0.912186667,0.034328333,0.268716667,0.05927,MW
LR181,0.682143333,0.775228333,NaN,0.75543,0.02646,0.235311667,0.055475,MW
LR182,0.775623333,0.89998,NaN,0.895231667,0.019186667,0.204161667,0.066056667,MW
LR183,0.783611667,0.840223333,NaN,0.815418333,0.030791667,0.198996667,0.065686667,MW
LR184,0.880618333,0.864423333,NaN,0.923286667,0.021541667,0.127103333,0.051606667,MW
LR185,0.703406667,0.85143,NaN,0.790278333,0.022745,0.189408333,0.048716667,MW
LR186,0.743953333,0.808325,NaN,0.875026667,0.016896667,0.17209,0.05146,MW
LR187,0.733716667,0.851253333,NaN,0.836333333,0.024546667,0.16516,0.060821667,MW
LR188,0.84305,0.879888333,NaN,0.93372,0.024655,0.232471667,0.064556667,MW
LR189,0.597951667,0.814775,NaN,0.714166667,0.028911667,0.185083333,0.052346667,MW
LR190,0.786186667,0.789953333,NaN,0.843956667,0.016816667,0.19177,0.064485,MW
LR191,0.921533333,0.881273333,NaN,1.005198333,0.026461667,0.204483333,0.05592,MW
LR192,0.77804,0.876385,NaN,0.837133333,NaN,0.146076667,0.049955,MW
LR193,0.832498333,0.809681667,NaN,0.918116667,0.03879,0.237255,0.057371667,MW
LR194,0.729376667,0.881741667,NaN,0.828491667,0.014726667,0.134905,0.051323333,MW
LR195,0.813878333,0.824901667,NaN,0.846501667,NaN,0.25681,0.057355,MW
LR196,0.794343333,0.873246667,NaN,0.856828333,0.021286667,0.198513333,0.062163333,MW
LR197,0.782643333,0.834446667,NaN,0.856656667,0.027095,0.20076,0.055045,MW
LR198,0.83067,0.82651,NaN,0.879356667,NaN,NaN,0.065903333,MW
LR199,0.741085,0.879943333,NaN,0.831811667,0.033343333,0.188463333,0.070191667,MW
LR200,0.698835,0.856413333,NaN,0.807161667,0.023368333,0.21039,0.053721667,MW
LR201,0.79568,0.753646667,NaN,0.805026667,0.025495,0.289256667,0.056901667,MW
LR202,0.844193333,0.835371667,NaN,0.865653333,0.016345,0.156933333,0.050951667,MW
LR203,0.763865,0.881501667,NaN,0.827141667,0.030163333,0.216666667,0.062676667,MW
LR204,0.85571,0.896198333,NaN,0.934935,0.017881667,0.177253333,0.04976,MW
LR205,0.871858333,0.835318333,NaN,0.932706667,0.027585,0.205486667,0.04982,MW
LR206,0.896588333,0.931101667,NaN,0.96692,0.026283333,0.189225,0.056611667,MW
LR207,0.930236667,0.821905,NaN,1.001966667,0.024621667,0.197901667,0.04946,MW
LR208,0.93466,0.869721667,NaN,1.032373333,0.035055,0.222333333,0.055855,MW
LR209,0.88406,0.92583,NaN,0.951656667,0.017631667,0.194523333,0.054483333,MW
LR210,0.798906667,0.878053333,NaN,0.881261667,0.025686667,0.193471667,0.07417,MW
LR211,0.72984,0.836806667,NaN,0.773868333,0.031148333,0.18641,0.061441667,MW
LR212,0.648966667,0.84536,NaN,0.726783333,0.02697,0.307233333,0.050631667,MW
LR213,0.882761667,0.83709,NaN,0.95831,NaN,NaN,0.049031667,MW
LR214,0.827365,0.855501667,NaN,0.89586,NaN,NaN,0.058653333,MW
LR215,0.805085,0.815251667,NaN,0.836235,0.032541667,0.272108333,0.066065,MW
LR216,0.792681667,0.77341,NaN,0.855866667,0.024215,0.222068333,0.05307,MW
LR217,0.852996667,0.78663,NaN,0.868726667,0.030356667,0.190365,0.05354,MW
LR218,0.839986667,0.85655,NaN,0.91342,NaN,0.4366,0.053525,MW
LR219,0.670241667,0.416063333,NaN,0.756423333,0.02405,0.227061667,0.043991667,MW
LR220,0.837838333,0.938688333,NaN,0.87129,0.03052,0.11573,0.059215,MW
LR221,0.779815,0.929981667,NaN,0.838738333,NaN,NaN,0.047501667,MW
LR222,0.836543333,0.84136,NaN,0.869548333,0.017775,0.206613333,0.049243333,MW
LR223,0.736395,0.898796667,NaN,0.808681667,0.026336667,0.185413333,0.054386667,MW
LR224,0.816983333,0.824361667,NaN,0.906663333,NaN,NaN,0.057415,MW
LR225,0.865926667,0.834388333,NaN,0.950155,0.029568333,0.222603333,0.04846,MW
LR226,0.710055,0.81646,NaN,0.76908,0.01613,0.161048333,0.049958333,MW
LR227,0.552811667,0.602228333,NaN,0.60623,NaN,NaN,0.0458,MW
LR228,0.923873333,0.861276667,NaN,1.011426667,0.028263333,0.215621667,0.05,MW
LR229,0.992806667,0.910231667,NaN,0.991528333,0.0364,0.199293333,0.066468333,MW
LR230,0.945633333,0.854871667,NaN,0.977623333,0.014923333,0.145616667,0.056651667,MW
LR231,0.896753333,0.861128333,NaN,0.965286667,0.024018333,0.204223333,0.052358333,MW
LR232,0.799396667,0.865056667,NaN,0.885951667,0.032396667,0.258401667,0.056725,MW
LR233,0.83378,0.886505,NaN,0.944795,NaN,NaN,0.054578333,MW
LR234,0.7968,0.940563333,NaN,0.901305,0.032631667,0.269308333,0.058263333,MW
LR235,0.790391667,0.92693,NaN,0.887445,0.035286667,0.191501667,0.047741667,MW
LR236,0.684801667,0.879098333,NaN,0.747241667,0.037023333,0.282935,0.052886667,MW
LR237,0.729556667,0.83112,NaN,0.806621667,NaN,NaN,0.053408333,MW
LR238,1.046125,0.849641667,NaN,1.079491667,0.03435,0.22859,0.053813333,MW
LR239,0.84884,0.852445,NaN,0.925281667,0.032156667,0.275778333,0.05684,MW
LR240,0.778116667,0.837426667,NaN,0.847428333,0.04472,0.272906667,0.063311667,MW
LR241,0.92661,0.922106667,NaN,0.984493333,0.043138333,0.226741667,0.071913333,MW
LR242,0.76702,0.776071667,NaN,0.8381,0.028878333,0.189425,0.06284,MW
LR243,0.872225,1.018683333,NaN,0.961431667,0.023916667,0.189336667,0.058705,MW
LR244,0.785255,0.88821,NaN,0.89555,0.03121,0.202893333,0.053186667,MW
LR245,0.78144,0.913101667,NaN,0.88575,0.031713333,0.230423333,0.047613333,MW
LR246,0.87646,0.848468333,NaN,0.926746667,0.030223333,0.22073,0.067233333,MW
LR247,0.819446667,0.920026667,NaN,0.925463333,0.028746667,0.195933333,0.05681,MW
LR248,0.769586667,0.860596667,NaN,0.847565,0.033095,0.241238333,0.04638,MW
LR249,0.336803333,0.694051667,NaN,0.414381667,0.025805,0.20014,0.040581667,MW
LR250,0.624803333,0.848235,NaN,0.74154,NaN,NaN,0.05791,MW
LR251,0.838588333,0.841705,NaN,0.929466667,0.02725,0.187171667,0.054728333,MW
LR252,0.850655,0.801955,NaN,0.913283333,0.017758333,0.145705,0.055541667,MW
LR253,0.866698333,0.921343333,NaN,0.91104,0.026378333,0.195645,0.061826667,MW
LR254,0.723163333,0.80208,NaN,0.794463333,0.033455,0.178293333,0.06962,MW
LR255,0.800526667,0.885321667,NaN,0.90423,0.027086667,0.168146667,0.056768333,MW
LR256,0.872795,0.858993333,NaN,0.938356667,0.042188333,0.189375,0.056,MW
LR257,0.927663333,0.897363333,NaN,1.004113333,0.0267,0.14366,0.051946667,MW
LR258,0.712543333,0.826926667,NaN,0.814653333,0.027943333,0.177403333,0.048765,MW
LR259,0.856695,0.90062,NaN,0.923896667,0.019715,0.151435,0.052175,MW
LR260,0.825446667,0.918105,NaN,0.908568333,0.027151667,0.265173333,0.051323333,MW
LR261,0.722998333,0.8283,NaN,0.81823,0.026286667,0.227,0.053333333,MW
LR262,0.761596667,0.839393333,NaN,0.814683333,NaN,NaN,0.055866667,MW
LR263,0.901665,0.863285,NaN,0.993033333,0.022991667,0.172561667,0.048571667,MW
LR264,0.807316667,0.901891667,NaN,0.911631667,0.02928,0.217763333,0.058461667,MW
LR265,0.85715,0.846005,NaN,0.930445,0.035366667,0.179503333,0.05537,MW
LR266,0.955985,0.886098333,NaN,1.024918333,0.02718,0.204153333,0.061991667,MW
LR267,0.876638333,0.788236667,NaN,0.948671667,0.035153333,0.18734,0.069518333,MW
LR268,0.878921667,0.82899,NaN,0.934963333,NaN,NaN,0.058705,MW
LR269,0.83413,0.79435,NaN,0.90781,0.023023333,0.257586667,0.054585,MW
LR270,0.58307,0.838178333,NaN,0.918055,0.02047,0.182585,0.0571,MW
LR271,0.822978333,0.876483333,NaN,0.916921667,0.035246667,0.183795,0.056775,MW
LR272,0.919905,0.919588333,NaN,0.977835,0.024263333,0.188838333,0.0578,MW
LR273,0.983856667,0.907636667,NaN,1.03208,0.027903333,0.188826667,0.065138333,MW
LR274,0.928326667,0.879076667,NaN,1.023756667,0.026833333,0.181726667,0.062296667,MW
LR275,0.78952,0.86081,NaN,0.864683333,0.025518333,0.311936667,0.053926667,MW
LR276,0.835771667,0.831435,NaN,0.92036,0.022886667,0.249133333,0.048233333,MW
LR277,0.78755,0.857806667,NaN,0.862386667,0.043336667,0.295751667,0.061405,MW
LR278,0.854016667,0.840931667,NaN,0.952071667,0.026775,0.216951667,0.054663333,MW
LR279,0.841936667,0.87714,NaN,0.930765,0.032213333,0.173641667,0.067005,MW
LR280,0.882308333,0.918183333,NaN,0.988763333,0.033623333,0.25623,0.062421667,MW
LR281,0.794703333,0.772393333,NaN,0.8502,0.021723333,0.176236667,0.048658333,MW
